Time Stamp [s],Position X,Position Y,Position Z,Rotation X,Rotation Y,Rotation Z,Rotation W
0.6796163,0.09507704,0.09353447,-0.7738152,-0.2416437,0.4363193,0.6806431,0.5366178,
0.6976375,0.09512639,0.09361267,-0.7737694,-0.2415013,0.4364521,0.6803576,0.536936,
0.7032911,0.09507656,0.09373188,-0.7737694,-0.2414037,0.436683,0.6800735,0.5371519,
0.717553,0.09508467,0.0937376,-0.7738161,-0.2414722,0.4367188,0.6799842,0.5372052,
0.7237333,0.09512067,0.09367752,-0.7738419,-0.2414563,0.4368748,0.6799171,0.5371704,
0.7356658,0.09525681,0.09379005,-0.7737617,-0.2414836,0.4368017,0.6798731,0.5372732,
0.7466457,0.09513998,0.09378242,-0.7737913,-0.2415078,0.4369535,0.6797516,0.5372927,
0.7575258,0.09527588,0.09376144,-0.7738867,-0.2412277,0.4369923,0.6796818,0.5374752,
0.7689523,0.09532022,0.09379959,-0.7739658,-0.2407343,0.4372152,0.6793014,0.5379957,
0.7798137,0.09528208,0.09375477,-0.7739449,-0.2407373,0.4374376,0.6790851,0.5380867,
0.9129874,0.09545565,0.09367371,-0.7739315,-0.2406569,0.4378143,0.6786738,0.5383352,
0.9186475,0.09545565,0.09367371,-0.7739315,-0.2406569,0.4378143,0.6786738,0.5383352,
0.9248081,0.09543729,0.09372425,-0.7739067,-0.2407725,0.43795,0.6785722,0.5383012,
0.9417869,0.09552026,0.09365654,-0.7740088,-0.2408935,0.4378669,0.6786048,0.5382736,
0.9464754,0.09561825,0.09385872,-0.7740412,-0.2406597,0.4379334,0.6783823,0.5386044,
0.9575585,0.09556818,0.0939436,-0.774065,-0.2404132,0.4387197,0.6778175,0.5387857,
0.9686556,0.09558153,0.09394836,-0.7740993,-0.2404052,0.438435,0.677884,0.5389373,
0.9796564,0.09545803,0.09396744,-0.7740402,-0.2404449,0.438682,0.6777513,0.5388855,
0.9907195,0.0955081,0.09395409,-0.7741146,-0.2402985,0.438646,0.6777971,0.5389225,
1.001791,0.09557104,0.09401417,-0.7741756,-0.2400748,0.4390248,0.6773498,0.5392759,
1.013017,0.09560919,0.09404564,-0.7741766,-0.23988,0.4395052,0.6769556,0.5394663,
1.024037,0.095469,0.09398079,-0.7741375,-0.2397625,0.439305,0.6769927,0.539635,
1.035093,0.09546399,0.09394169,-0.7741003,-0.2398201,0.4393769,0.6770066,0.5395334,
1.046294,0.09537649,0.09395981,-0.7741222,-0.239841,0.4393247,0.6770899,0.5394621,
1.05764,0.09536266,0.09392357,-0.7741013,-0.2400019,0.4391678,0.6772718,0.5392899,
1.068823,0.09533834,0.09389591,-0.7741032,-0.2400004,0.4389721,0.6774374,0.539242,
1.080565,0.09561968,0.09402847,-0.7739897,-0.2401178,0.4389426,0.6774337,0.5392184,
1.09344,0.09566307,0.09399128,-0.7740803,-0.2401167,0.4389387,0.6774091,0.5392529,
1.111041,0.0954988,0.09397602,-0.7740917,-0.2401804,0.4389919,0.6774075,0.5391833,
1.115527,0.09555554,0.0939436,-0.7741375,-0.2402337,0.4388449,0.6774911,0.5391741,
1.124006,0.0954752,0.09395027,-0.7741938,-0.2402803,0.4388027,0.6775525,0.5391105,
1.135118,0.09548759,0.09398365,-0.7742271,-0.2404397,0.4386674,0.6776729,0.5389982,
1.146146,0.09544086,0.09395409,-0.7741194,-0.2404702,0.4386385,0.6777036,0.5389696,
1.157405,0.095433,0.09399796,-0.7741461,-0.2404735,0.4386089,0.6777765,0.5389005,
1.168501,0.09542441,0.09392548,-0.7740297,-0.240576,0.4384712,0.6779551,0.5387422,
1.179626,0.09534883,0.09380817,-0.7739592,-0.2405151,0.4382438,0.6782179,0.5386235,
1.190696,0.09529829,0.09376907,-0.7739038,-0.2407668,0.4380899,0.6784624,0.5383283,
1.201773,0.09531212,0.0936861,-0.7739,-0.2408714,0.4378784,0.6787524,0.538088,
1.213033,0.09524107,0.0936718,-0.7738409,-0.2411266,0.4377089,0.678968,0.5378397,
1.22404,0.09525299,0.09366131,-0.7738752,-0.241125,0.437768,0.6790871,0.5376417,
1.235023,0.09521484,0.09356308,-0.7738104,-0.2412236,0.4376843,0.6792192,0.5374987,
1.246023,0.09519291,0.0935297,-0.7737875,-0.241399,0.4374047,0.6794755,0.5373236,
1.257328,0.09501028,0.09360886,-0.7737532,-0.2414467,0.4375183,0.6794754,0.5372099,
1.268363,0.09507608,0.0936451,-0.7737141,-0.2414684,0.4374356,0.6794986,0.5372382,
1.279429,0.09505701,0.09362888,-0.7737131,-0.2416061,0.4375136,0.6794831,0.5371323,
1.290542,0.09519196,0.09360123,-0.7737961,-0.2415794,0.4373662,0.6797109,0.536976,
1.301743,0.09516978,0.09356689,-0.7737846,-0.2419238,0.4369638,0.6802305,0.5364904,
1.31283,0.09517264,0.09354115,-0.7738409,-0.2418305,0.436681,0.6806297,0.5362566,
1.323951,0.09514284,0.09357643,-0.77388,-0.2420223,0.436429,0.6809205,0.5360059,
1.335029,0.09525871,0.09363079,-0.7739325,-0.2421342,0.4362027,0.6811251,0.5358795,
1.346086,0.09528351,0.09362221,-0.7739582,-0.2422062,0.4362332,0.681228,0.5356913,
1.357277,0.09531736,0.093647,-0.7739878,-0.2424204,0.435967,0.6815048,0.535459,
1.368369,0.09530354,0.09361744,-0.7739182,-0.2424552,0.4359675,0.6815663,0.5353646,
1.379499,0.09520626,0.0936451,-0.7738905,-0.2425923,0.4358585,0.6816485,0.5352865,
1.390502,0.09524679,0.09360504,-0.7738037,-0.2425072,0.4359907,0.6815237,0.5353764,
1.401729,0.09523964,0.09365082,-0.7738523,-0.2425546,0.4359852,0.6814946,0.5353965,
1.412637,0.09530067,0.09361362,-0.7739277,-0.2425168,0.4360166,0.6813835,0.5355294,
1.423823,0.09533763,0.09361649,-0.773942,-0.2425542,0.4360729,0.6813678,0.5354866,
1.434842,0.09525251,0.09346104,-0.7738514,-0.2424329,0.4360902,0.6813374,0.5355661,
1.446284,0.09522676,0.09351921,-0.7739239,-0.2425052,0.4360956,0.6813031,0.5355726,
1.457275,0.09512806,0.093606,-0.7738514,-0.2426726,0.43603,0.6814165,0.5354059,
1.468801,0.09508586,0.09352207,-0.7736874,-0.2424701,0.4361931,0.6813487,0.5354511,
1.479462,0.09511566,0.09357834,-0.7737093,-0.2427367,0.4357153,0.6817553,0.5352017,
1.490492,0.09518409,0.09357738,-0.7737226,-0.2425237,0.4358677,0.6815768,0.5354013,
1.50172,0.09517431,0.09358311,-0.7737246,-0.2425355,0.4357799,0.6815929,0.5354469,
1.512657,0.09527159,0.09358788,-0.7737122,-0.2424141,0.435861,0.6815163,0.5355335,
1.523834,0.09526682,0.09359646,-0.7736797,-0.2423307,0.4358633,0.6815199,0.5355648,
1.535427,0.09525561,0.09360218,-0.7736444,-0.2423883,0.4358129,0.6815958,0.5354832,
1.546658,0.09523821,0.09356213,-0.7736549,-0.2422833,0.4357222,0.6817862,0.5353621,
1.557996,0.09520721,0.09357834,-0.7736855,-0.242377,0.435646,0.6817784,0.5353916,
1.569552,0.09524202,0.0935812,-0.7736835,-0.2423133,0.4355755,0.6818178,0.5354276,
1.580724,0.09517002,0.09361744,-0.7736063,-0.2422425,0.4355951,0.6819279,0.5353035,
1.592763,0.09507561,0.09362125,-0.7735834,-0.2423687,0.4353783,0.6821449,0.5351462,
1.603809,0.09502363,0.09361362,-0.7735252,-0.2422254,0.4349359,0.6824912,0.5351293,
1.615406,0.09497356,0.09354687,-0.773653,-0.2422715,0.434921,0.682628,0.534946,
1.62671,0.09507704,0.09344482,-0.773591,-0.2422822,0.4348475,0.6827484,0.5348473,
1.638835,0.09504104,0.09343052,-0.7735643,-0.2422394,0.4346495,0.6829236,0.534804,
1.649678,0.09510446,0.09341908,-0.7735758,-0.2421835,0.4347579,0.6829026,0.534768,
1.660869,0.09493732,0.09341049,-0.7735538,-0.2421173,0.4346682,0.6829721,0.5347822,
1.672225,0.0950079,0.09341145,-0.7734909,-0.2420514,0.4346642,0.682906,0.5348996,
1.683589,0.09504414,0.09339142,-0.7734213,-0.2420044,0.4346327,0.6829218,0.5349263,
1.695289,0.09489799,0.09349155,-0.773303,-0.2420439,0.4346845,0.6829668,0.5348089,
1.706465,0.09483242,0.09350204,-0.773304,-0.2418809,0.4346395,0.6830229,0.5348475,
1.717876,0.09483385,0.09355736,-0.7733335,-0.2419831,0.4345896,0.6831166,0.5347222,
1.729034,0.09474921,0.09340191,-0.7734175,-0.2418988,0.4344583,0.6832536,0.5346919,
1.740104,0.09470391,0.09338188,-0.7733994,-0.2417971,0.4345228,0.6832933,0.5346348,
1.751359,0.09477615,0.0932951,-0.7732773,-0.241933,0.434301,0.683458,0.534543,
1.762392,0.094769,0.09328365,-0.7732563,-0.2418907,0.434397,0.6833971,0.5345621,
1.773469,0.09473419,0.09330654,-0.7733173,-0.2417668,0.4343468,0.6834706,0.534565,
1.784498,0.09471846,0.09330368,-0.7732897,-0.2417628,0.4343754,0.6834515,0.5345679,
1.796123,0.09473562,0.09332848,-0.7733412,-0.2416373,0.4344312,0.6834193,0.5346205,
1.806802,0.09468055,0.09337234,-0.7732735,-0.2416361,0.4341401,0.6837072,0.5344892,
1.817719,0.09468222,0.09327602,-0.7731924,-0.241531,0.4341796,0.6836835,0.5345351,
1.829108,0.09459996,0.09326839,-0.7732306,-0.2414564,0.4341464,0.6836959,0.5345799,
1.839965,0.09456229,0.09332943,-0.7731485,-0.2415472,0.4341401,0.6836817,0.5345621,
1.851636,0.09460831,0.09327126,-0.7730865,-0.2414848,0.4342197,0.6836028,0.5346266,
1.862384,0.0945828,0.09326172,-0.7730808,-0.2414266,0.4342068,0.6835871,0.5346833,
1.873682,0.09453344,0.09335041,-0.7730598,-0.241465,0.4342054,0.6835942,0.5346581,
1.884975,0.09454846,0.09339142,-0.7730713,-0.2414052,0.4342931,0.6834637,0.5347807,
1.901829,0.09452868,0.09342861,-0.7732105,-0.2413941,0.434347,0.6833193,0.5349264,
1.910781,0.09461427,0.09336948,-0.7732601,-0.2412962,0.4345114,0.6831079,0.5351071,
1.916859,0.09457541,0.09344769,-0.773303,-0.2413433,0.4345447,0.6830459,0.535138,
1.927957,0.09458351,0.09343433,-0.7733269,-0.2412325,0.4345257,0.6830454,0.535204,
1.940267,0.09456611,0.09340954,-0.7732277,-0.2413184,0.4346372,0.6829491,0.5351976,
1.950131,0.09466076,0.09333897,-0.7731667,-0.2412426,0.4346801,0.6829516,0.5351937,
1.961213,0.09465384,0.09333134,-0.773159,-0.2413008,0.4347491,0.6828368,0.5352579,
1.972339,0.09473658,0.09327126,-0.7732906,-0.2412634,0.4347939,0.6827952,0.5352916,
1.983454,0.09471989,0.09333801,-0.7733669,-0.2412321,0.4349923,0.6826129,0.5353768,
1.994532,0.09479189,0.09322643,-0.7733946,-0.2412548,0.4351002,0.682417,0.5355288,
2.005768,0.09479427,0.09322357,-0.7734032,-0.241156,0.4351898,0.6822655,0.5356934,
2.016881,0.09472299,0.09321308,-0.7734499,-0.2410938,0.4353337,0.6820363,0.5358962,
2.027869,0.09462762,0.09331512,-0.773407,-0.2410142,0.4354466,0.681802,0.5361385,
2.038934,0.09462428,0.09332085,-0.7734509,-0.2409723,0.4356317,0.6815762,0.536294,
2.05017,0.09476185,0.09332657,-0.7734842,-0.2411017,0.4358031,0.6815061,0.5361856,
2.06133,0.09484291,0.09336472,-0.7734442,-0.2410887,0.4358983,0.6813818,0.5362722,
2.072365,0.09486961,0.09333801,-0.7734957,-0.2412989,0.435735,0.6814796,0.5361861,
2.083452,0.09490037,0.09333038,-0.7735481,-0.2413077,0.4359573,0.6813326,0.5361881,
2.094491,0.09474611,0.09337044,-0.7735701,-0.2414071,0.4359536,0.6813741,0.5360937,
2.105885,0.09473157,0.09340382,-0.7735376,-0.241276,0.4358589,0.6814563,0.5361252,
2.116715,0.09478831,0.09331608,-0.7735281,-0.2413448,0.4358063,0.6816983,0.5358292,
2.12785,0.09474945,0.09331322,-0.7734785,-0.2414598,0.4356002,0.6819072,0.5356792,
2.138914,0.09477901,0.09335423,-0.7734156,-0.2414174,0.4353656,0.6821709,0.5355532,
2.1501,0.09475327,0.09337616,-0.7733936,-0.2414766,0.4352764,0.6822394,0.5355118,
2.161516,0.09474802,0.09328651,-0.7733164,-0.2414858,0.4352486,0.6822673,0.5354947,
2.172234,0.09486294,0.09334946,-0.7733994,-0.2414695,0.435306,0.6821892,0.5355549,
2.183398,0.09485388,0.09331703,-0.7734079,-0.2415129,0.4351364,0.6823846,0.5354242,
2.194594,0.09488773,0.09331703,-0.7734346,-0.2414823,0.4351002,0.6824933,0.535329,
2.205649,0.09488249,0.09329605,-0.7734442,-0.2417415,0.4350461,0.6826749,0.5350243,
2.216651,0.09471202,0.0932312,-0.7733889,-0.241899,0.4348669,0.6830345,0.5346397,
2.227822,0.09459901,0.0933075,-0.7734013,-0.2423171,0.434383,0.6837124,0.5339767,
2.238945,0.09451818,0.09325886,-0.7733002,-0.2419567,0.4342844,0.6840948,0.5337306,
2.249913,0.09452677,0.09321213,-0.7733431,-0.242068,0.4341034,0.6842828,0.5335863,
2.261201,0.09454203,0.09317207,-0.7733316,-0.2421671,0.4339559,0.6844807,0.5334074,
2.272293,0.09448576,0.09321976,-0.7732534,-0.2420355,0.4339771,0.6844625,0.5334733,
2.283737,0.0944643,0.09326839,-0.7732315,-0.2419323,0.4339448,0.6844854,0.5335171,
2.294954,0.09441805,0.09338856,-0.7732058,-0.2419699,0.4338112,0.684584,0.5334822,
2.306162,0.09443164,0.09336567,-0.7731724,-0.2419296,0.4337136,0.684602,0.5335567,
2.317354,0.09445524,0.09329414,-0.7731028,-0.2419638,0.4337437,0.6846436,0.5334633,
2.328458,0.09444237,0.09327984,-0.7731543,-0.2419906,0.4338769,0.6845168,0.5335056,
2.33954,0.09438729,0.09322357,-0.7730675,-0.2418898,0.4338063,0.6845807,0.5335266,
2.350713,0.09437442,0.09321022,-0.7730589,-0.2419725,0.4337865,0.6845747,0.5335128,
2.361876,0.09438324,0.09321117,-0.7730522,-0.2418864,0.4338158,0.6844554,0.5336812,
2.372989,0.09438372,0.09321308,-0.7730494,-0.2418997,0.433834,0.6844411,0.5336787,
2.383896,0.09442282,0.09314919,-0.7729702,-0.241911,0.4338726,0.6843854,0.5337136,
2.395161,0.09464312,0.09305668,-0.7730398,-0.2418479,0.4339253,0.6843526,0.5337415,
2.406291,0.09467912,0.09313965,-0.773159,-0.2419616,0.4338096,0.684478,0.5336232,
2.417206,0.09452295,0.09323215,-0.7732267,-0.2418565,0.4338845,0.6844226,0.533681,
2.428461,0.09463787,0.09315681,-0.7732134,-0.2420181,0.4337691,0.6845427,0.5335475,
2.439535,0.09467483,0.09313679,-0.7732353,-0.2419401,0.4338187,0.6844802,0.5336226,
2.450615,0.09463,0.09313774,-0.7731524,-0.2419538,0.4337285,0.6844987,0.5336662,
2.461715,0.09463596,0.09315681,-0.7731428,-0.2419088,0.4338133,0.6844463,0.5336848,
2.473332,0.09449482,0.0931778,-0.7731562,-0.2420471,0.4337436,0.6844686,0.5336502,
2.484024,0.09449601,0.09317875,-0.7731562,-0.2419952,0.4338198,0.68438,0.5337254,
2.495118,0.0945158,0.09323692,-0.7731123,-0.242018,0.4338249,0.684292,0.5338237,
2.506213,0.09461737,0.0933218,-0.7731047,-0.2419712,0.4338997,0.6842023,0.533899,
2.517352,0.09467125,0.0933485,-0.7730589,-0.2418607,0.4339624,0.6841798,0.533927,
2.528487,0.09463072,0.09330368,-0.773078,-0.2420262,0.4339353,0.6842434,0.5337924,
2.53975,0.09464645,0.09333038,-0.7731924,-0.2419558,0.4338712,0.6844471,0.5336154,
2.550617,0.09459972,0.0932951,-0.77316,-0.2420208,0.4337799,0.6845611,0.5335138,
2.561733,0.0945394,0.09323978,-0.7731552,-0.2419353,0.4337719,0.68457,0.5335477,
2.572793,0.09465265,0.0932312,-0.773242,-0.2420283,0.4337691,0.6845338,0.5335543,
2.583904,0.09469175,0.09321213,-0.7732306,-0.2419257,0.4337755,0.6844826,0.5336613,
2.594906,0.09463191,0.09325314,-0.7731695,-0.2420059,0.4337517,0.6844628,0.5336695,
2.60605,0.09450483,0.09322357,-0.7731972,-0.2419865,0.4337519,0.6844507,0.5336938,
2.61738,0.09449863,0.09329605,-0.7730589,-0.2420313,0.4338138,0.6843674,0.53373,
2.628479,0.09438777,0.09336376,-0.7732134,-0.2420872,0.4338601,0.6842606,0.5338039,
2.639547,0.09435558,0.09337902,-0.7732086,-0.2419309,0.433846,0.6842141,0.5339459,
2.650475,0.09443569,0.09344482,-0.7731762,-0.2419926,0.4339868,0.6842301,0.5337829,
2.661624,0.09448051,0.09340954,-0.7731228,-0.2420437,0.4336911,0.6844825,0.5336766,
2.672763,0.09451437,0.09344292,-0.7731371,-0.2420722,0.4337529,0.6845127,0.5335746,
2.68387,0.09450769,0.09346771,-0.7731295,-0.2419669,0.433696,0.6845042,0.5336794,
2.694952,0.09458113,0.09330368,-0.7731361,-0.2418528,0.4336673,0.6845579,0.5336857,
2.706099,0.09465361,0.09323502,-0.773181,-0.2417613,0.4337403,0.6845644,0.5336596,
2.717164,0.09463096,0.09317684,-0.7731848,-0.2418676,0.4336265,0.6846317,0.5336174,
2.72843,0.09465456,0.09320354,-0.7732134,-0.2418403,0.4337152,0.68458,0.5336241,
2.739301,0.0946002,0.09319019,-0.7732668,-0.2418033,0.4336751,0.6845706,0.5336856,
2.7506,0.09462929,0.09318733,-0.7732229,-0.2417926,0.4338268,0.6844357,0.53374,
2.761653,0.09458184,0.09315205,-0.7732849,-0.2417544,0.4338075,0.6843541,0.5338777,
2.772764,0.09459496,0.09323502,-0.7732964,-0.2417725,0.4338138,0.6843218,0.5339058,
2.783924,0.09457541,0.09321404,-0.7732992,-0.241699,0.4339214,0.6841977,0.5340106,
2.794988,0.09456158,0.093256,-0.773345,-0.2417732,0.4339913,0.6840213,0.5341462,
2.806123,0.09461069,0.09326363,-0.7733221,-0.2418528,0.4341742,0.6839065,0.5341085,
2.817148,0.09464693,0.09327888,-0.7733345,-0.2419334,0.4340424,0.6839532,0.5341193,
2.828126,0.09466767,0.09318829,-0.7733154,-0.2419276,0.4341468,0.683969,0.5340169,
2.839266,0.0946629,0.09317493,-0.7733135,-0.2419599,0.4342294,0.6838812,0.5340475,
2.8504,0.09468222,0.09324551,-0.7733488,-0.2419508,0.4341691,0.6838986,0.5340784,
2.861527,0.09470701,0.09326172,-0.7733603,-0.2419465,0.4342501,0.6837782,0.5341686,
2.872818,0.09477997,0.09321308,-0.7733755,-0.2418952,0.4342937,0.6837114,0.5342419,
2.883821,0.09481382,0.0932188,-0.7733908,-0.2418634,0.4343665,0.6835501,0.5344035,
2.894941,0.09490061,0.0931778,-0.7733984,-0.241865,0.4343912,0.6834647,0.5344919,
2.906159,0.09479499,0.09333229,-0.7734232,-0.241798,0.4344331,0.6833062,0.5346908,
2.917123,0.09489751,0.09338856,-0.7734261,-0.2416948,0.4346497,0.6830509,0.5348876,
2.928222,0.09485173,0.09330082,-0.7733698,-0.2416944,0.4346338,0.6830043,0.5349603,
2.939365,0.09485865,0.09332752,-0.7734003,-0.2416868,0.4347774,0.6828386,0.5350586,
2.950415,0.09477401,0.09333038,-0.7734861,-0.2417632,0.4347501,0.6827921,0.5351056,
2.961542,0.0947876,0.09335041,-0.7735472,-0.2417893,0.4348858,0.6826303,0.5351898,
2.972651,0.09488916,0.09329128,-0.7735319,-0.2417686,0.4349245,0.6826032,0.5352023,
2.983715,0.09492373,0.09326744,-0.7736559,-0.2418685,0.4350836,0.6823524,0.5353476,
2.994783,0.09501076,0.09328651,-0.7736731,-0.2417366,0.4352135,0.6821365,0.5355767,
3.00646,0.0950284,0.09332371,-0.7736998,-0.2414251,0.435495,0.6817706,0.5359542,
3.017122,0.09510541,0.09327412,-0.7737064,-0.2414968,0.4355841,0.6815783,0.536094,
3.028245,0.09507608,0.09332371,-0.7736912,-0.2414642,0.4358023,0.6813102,0.5362722,
3.039389,0.095016,0.09344387,-0.7737789,-0.2415047,0.4359564,0.6811113,0.5363813,
3.050402,0.09506273,0.09339619,-0.773797,-0.2414245,0.4359872,0.681023,0.5365045,
3.061329,0.09511614,0.09337044,-0.7737188,-0.2415671,0.4359071,0.6811913,0.5362917,
3.072599,0.09510946,0.09326363,-0.7737093,-0.2414967,0.4358862,0.6813107,0.5361888,
3.083661,0.09508228,0.09328079,-0.7736387,-0.2416722,0.4358167,0.6813958,0.536058,
3.094805,0.09502029,0.09332848,-0.7737064,-0.2415289,0.435536,0.6816157,0.5360712,
3.105863,0.09516716,0.09336281,-0.7736521,-0.2416319,0.4355968,0.681585,0.5360145,
3.117001,0.09515405,0.09330177,-0.7736425,-0.2415748,0.4355246,0.6816108,0.536066,
3.128085,0.0952692,0.09325695,-0.7736177,-0.2416265,0.4355544,0.6816167,0.5360109,
3.141932,0.09514117,0.09328365,-0.7735662,-0.2416369,0.4355601,0.6815444,0.5360935,
3.150436,0.09515572,0.09327888,-0.7735786,-0.2416801,0.4355411,0.6815492,0.5360835,
3.161476,0.09502029,0.09328365,-0.7736206,-0.2416672,0.435552,0.6815415,0.5360901,
3.172596,0.09501886,0.09328556,-0.7736244,-0.2417286,0.4355894,0.6814715,0.536121,
3.183702,0.09501624,0.09326649,-0.7736368,-0.2417105,0.4356028,0.681452,0.5361431,
3.194721,0.09494638,0.09330273,-0.7736683,-0.2417697,0.4356519,0.6814014,0.5361409,
3.205866,0.09495997,0.0933094,-0.7736912,-0.2417844,0.4357007,0.6814598,0.5360203,
3.216935,0.09497023,0.09337902,-0.773716,-0.2417617,0.4356402,0.6815019,0.5360261,
3.22807,0.09497643,0.0933075,-0.7736483,-0.2418915,0.4355709,0.6816605,0.5358223,
3.239213,0.09498787,0.09328842,-0.7736712,-0.2418172,0.4354175,0.6817421,0.5358766,
3.250458,0.0949688,0.0932951,-0.7737112,-0.241908,0.4355077,0.6817176,0.5357937,
3.264619,0.09500313,0.0933094,-0.7737045,-0.2418531,0.4355467,0.6816508,0.5358716,
3.272828,0.0949893,0.09324932,-0.7735586,-0.2421594,0.435466,0.6818882,0.5354967,
3.300835,0.09501004,0.09318924,-0.77353,-0.2421072,0.4351825,0.6822681,0.5352668,
3.305398,0.09500146,0.09321499,-0.7735014,-0.2420175,0.4350039,0.6824208,0.5352578,
3.312227,0.09500909,0.09324455,-0.7734785,-0.2423322,0.4350459,0.682543,0.5349255,
3.323448,0.09491396,0.09318161,-0.7734423,-0.2422651,0.4350167,0.6828256,0.5346189,
3.334489,0.09476137,0.09321785,-0.7733221,-0.242383,0.4346402,0.6834369,0.5340903,
3.345633,0.09453964,0.09314919,-0.7732258,-0.2426631,0.4339509,0.6842284,0.5335098,
3.357041,0.0946126,0.09300327,-0.7731829,-0.2424015,0.4341042,0.6843736,0.5333177,
3.367841,0.09459329,0.09298897,-0.7731647,-0.2422829,0.4336621,0.6847565,0.5332398,
3.378964,0.0946126,0.09301186,-0.7731361,-0.2421265,0.4337234,0.6847259,0.5333003,
3.390069,0.09455729,0.09296608,-0.7730675,-0.2419085,0.4336257,0.6848429,0.5333284,
3.401203,0.09454727,0.09300423,-0.7731009,-0.2420157,0.4334241,0.684993,0.5332509,
3.412292,0.09448409,0.09307861,-0.7730217,-0.2419661,0.4333946,0.6850394,0.5332379,
3.423156,0.09453726,0.09303761,-0.7730474,-0.2418842,0.4335587,0.6847921,0.5334592,
3.434445,0.09465551,0.09298992,-0.7730799,-0.2420661,0.4336314,0.6845884,0.5335789,
3.445564,0.09467554,0.09293079,-0.773138,-0.2419375,0.4336418,0.6844053,0.5338637,
3.456536,0.09470749,0.09298897,-0.7731905,-0.2419323,0.4337951,0.6841454,0.5340747,
3.467703,0.09467459,0.09303379,-0.7731791,-0.2417662,0.4338623,0.6838452,0.5344795,
3.478956,0.0947361,0.09301186,-0.7732325,-0.241569,0.4340919,0.6833524,0.5350123,
3.490382,0.09479403,0.09304047,-0.7732515,-0.2412751,0.4344206,0.6827184,0.5356871,
3.501122,0.09486318,0.09301949,-0.7732592,-0.2411529,0.4347272,0.6823903,0.5359113,
3.512272,0.09484482,0.09299755,-0.773344,-0.2413649,0.4348813,0.6821641,0.5359789,
3.523402,0.09484696,0.09309578,-0.7734232,-0.2416443,0.4350743,0.6820467,0.5358459,
3.534362,0.09491825,0.09309006,-0.7734985,-0.2416394,0.4352798,0.6817468,0.5360627,
3.545538,0.09482908,0.09317589,-0.773469,-0.2414776,0.4353665,0.6816013,0.5362502,
3.556579,0.09492779,0.09310341,-0.7734213,-0.241347,0.4352022,0.6816853,0.5363355,
3.569963,0.09510183,0.09315777,-0.7734947,-0.2413644,0.435568,0.68131,0.5365077,
3.578878,0.09512496,0.0930624,-0.7735796,-0.2413636,0.435599,0.6812973,0.536499,
3.589878,0.09532046,0.0929966,-0.7736139,-0.2411479,0.4356931,0.6811407,0.5367183,
3.600954,0.09525967,0.09297562,-0.7736807,-0.2409346,0.4358556,0.6810263,0.5368273,
3.612068,0.09517288,0.09310722,-0.7737961,-0.24098,0.4358612,0.6809733,0.5368697,
3.623337,0.09511614,0.09312057,-0.7737951,-0.2409296,0.4360835,0.6807449,0.5370014,
3.63446,0.09505725,0.09321499,-0.773778,-0.2411458,0.4359911,0.6807922,0.5369195,
3.645446,0.09502673,0.09326363,-0.7738008,-0.241128,0.436121,0.6806929,0.5369478,
3.656762,0.09504509,0.09322834,-0.7737226,-0.2411605,0.4359089,0.6808496,0.5369068,
3.668164,0.09505248,0.09319878,-0.7737484,-0.2411124,0.4359431,0.6808167,0.5369424,
3.679514,0.09504485,0.09313107,-0.7736931,-0.2411358,0.4358965,0.6808646,0.5369089,
3.690796,0.09516406,0.09319401,-0.7736053,-0.2411899,0.4359501,0.6808659,0.5368394,
3.702141,0.09516501,0.09318733,-0.7736073,-0.2413154,0.4358815,0.6809369,0.5367486,
3.713613,0.0950408,0.0932703,-0.7736797,-0.2414046,0.4359139,0.680983,0.5366239,
3.724861,0.09506106,0.09321404,-0.773674,-0.2414362,0.4358154,0.6810859,0.536559,
3.736159,0.09510612,0.09317493,-0.7736692,-0.2414761,0.4358124,0.6811295,0.5364881,
3.747634,0.09509802,0.09318352,-0.7736807,-0.2415355,0.4358213,0.6811724,0.5363997,
3.758769,0.0948348,0.0931921,-0.7736683,-0.2415581,0.4358847,0.6811002,0.5364297,
3.770245,0.09502411,0.09309196,-0.7734947,-0.241598,0.4357727,0.6811689,0.5364156,
3.781451,0.09503388,0.09309196,-0.773488,-0.2416138,0.4358616,0.6811103,0.5364105,
3.792942,0.09503126,0.09311771,-0.7736311,-0.2416531,0.4357999,0.6812431,0.5362742,
3.80424,0.09509826,0.09311485,-0.7736197,-0.2420373,0.4356863,0.681538,0.5358185,
3.815569,0.09504557,0.09320164,-0.7736492,-0.2423625,0.4353538,0.6821087,0.5352151,
3.827034,0.09496117,0.09317207,-0.7736073,-0.2424361,0.434716,0.682898,0.5346934,
3.838254,0.0948658,0.09304714,-0.7735662,-0.242309,0.4348942,0.6829775,0.5345046,
3.849589,0.09489489,0.09304619,-0.773509,-0.2424521,0.4344631,0.6834431,0.5341949,
3.861026,0.09489226,0.09303665,-0.7734938,-0.2422674,0.4345665,0.6834282,0.5342138,
3.872243,0.09488773,0.09302902,-0.7734909,-0.2424891,0.4345033,0.6836038,0.5339399,
3.88354,0.09475565,0.09307003,-0.7734346,-0.2424364,0.4343145,0.6838003,0.5338659,
3.894716,0.09475708,0.09295845,-0.7733784,-0.2425563,0.4343825,0.6839123,0.5336124,
3.905702,0.09476757,0.0928812,-0.7733984,-0.2424765,0.4342932,0.6839234,0.5337072,
3.916926,0.09476781,0.09296322,-0.7733898,-0.2424627,0.4343486,0.68388,0.5337241,
3.928031,0.09463453,0.09297752,-0.7733688,-0.2424283,0.4343848,0.6839786,0.5335839,
3.939111,0.09458613,0.09296894,-0.7733545,-0.2425101,0.4342715,0.684085,0.5335025,
3.95017,0.09461594,0.09305286,-0.7733927,-0.2425978,0.4342103,0.6841369,0.5334457,
3.961282,0.09461093,0.09305382,-0.7734003,-0.2426104,0.4342813,0.6840696,0.5334686,
3.972436,0.0946734,0.09298134,-0.7732677,-0.2426069,0.4342816,0.6841475,0.5333701,
3.983506,0.09458089,0.0929985,-0.7731962,-0.2425933,0.4343419,0.684111,0.533374,
3.996973,0.09464645,0.0929451,-0.773181,-0.2428083,0.4342096,0.6842785,0.5331689,
4.005664,0.09464669,0.09295177,-0.7731733,-0.2427034,0.4343281,0.6841988,0.5332225,
4.016736,0.09471393,0.09302998,-0.7732267,-0.2428242,0.4342387,0.6843272,0.5330755,
4.027935,0.09475899,0.09292889,-0.7732973,-0.2427751,0.434112,0.6844172,0.5330855,
4.03896,0.09474778,0.09287453,-0.7733355,-0.2427281,0.4342346,0.6843073,0.5331481,
4.050175,0.09465599,0.09296608,-0.7732954,-0.242747,0.4341155,0.6843108,0.533232,
4.06128,0.09466219,0.09295654,-0.7732916,-0.2427427,0.4341207,0.6843138,0.5332259,
4.072355,0.09459448,0.0930748,-0.7733421,-0.2426909,0.4341466,0.684306,0.5332384,
4.083536,0.09463191,0.09304428,-0.7734108,-0.2426232,0.4341868,0.6842341,0.5333288,
4.094681,0.09456754,0.09305382,-0.7734489,-0.2426348,0.4341383,0.6842687,0.5333186,
4.106085,0.09457445,0.09304428,-0.7734051,-0.2426342,0.4341606,0.6842675,0.5333021,
4.117126,0.09463,0.0930233,-0.7732878,-0.2426921,0.434197,0.6843008,0.5332034,
4.128201,0.09457779,0.09290981,-0.7732992,-0.2428026,0.4341467,0.6843747,0.5330993,
4.13937,0.09456968,0.09293842,-0.7732897,-0.2427807,0.4342215,0.6843925,0.5330254,
4.150461,0.09460378,0.09287071,-0.7733822,-0.2427517,0.4342673,0.6843621,0.5330405,
4.17089,0.09468102,0.09285641,-0.7733755,-0.2427496,0.4342885,0.6843598,0.533027,
4.175927,0.09468102,0.09285641,-0.7733755,-0.2427496,0.4342885,0.6843598,0.533027,
4.180727,0.09474373,0.09290695,-0.7733879,-0.2427559,0.4342787,0.684374,0.5330139,
4.189723,0.09474754,0.09299564,-0.7733316,-0.242846,0.4342552,0.6843821,0.5329816,
4.20076,0.09472251,0.09305763,-0.7733049,-0.2427678,0.4342369,0.6843724,0.5330446,
4.211762,0.09471679,0.09306431,-0.7733011,-0.2428142,0.4342307,0.6843493,0.5330582,
4.22294,0.09481502,0.0929966,-0.7733431,-0.2428652,0.4342694,0.6843238,0.5330362,
4.234129,0.0945828,0.09302139,-0.7734022,-0.2428293,0.434297,0.6842777,0.5330892,
4.245203,0.09457159,0.09304714,-0.773448,-0.2428579,0.4342639,0.684287,0.5330912,
4.256305,0.09455442,0.09306335,-0.7734594,-0.2429284,0.4343284,0.6842152,0.5330987,
4.267382,0.09453392,0.09306431,-0.773468,-0.2428844,0.4343651,0.6841664,0.5331514,
4.278305,0.09451127,0.09307766,-0.7734823,-0.2427971,0.434278,0.6841539,0.5332783,
4.289616,0.09462428,0.09320831,-0.7734289,-0.2427813,0.4343248,0.6840775,0.5333453,
4.3007,0.09461522,0.09321308,-0.7734394,-0.242807,0.4344027,0.6840692,0.5332808,
4.311668,0.09457302,0.09303284,-0.7734041,-0.2427796,0.4342331,0.6841871,0.5332801,
4.322781,0.09456205,0.09303093,-0.773428,-0.2427516,0.4343571,0.6841168,0.5332821,
4.334009,0.09453106,0.09302616,-0.7734213,-0.2426991,0.4343847,0.684064,0.5333514,
4.345316,0.0947504,0.09295559,-0.7734156,-0.2428901,0.4344711,0.6839303,0.5333654,
4.356268,0.09475875,0.09287357,-0.7734556,-0.242771,0.4345931,0.6838151,0.5334679,
4.367393,0.09481525,0.0928278,-0.7734785,-0.2430003,0.4344853,0.683816,0.5334501,
4.378221,0.0948565,0.09288883,-0.7734632,-0.242897,0.4347456,0.6835851,0.5335811,
4.389485,0.09488297,0.09288597,-0.7734938,-0.2429717,0.4347249,0.6835868,0.5335617,
4.400498,0.09480309,0.09290314,-0.7734642,-0.2429563,0.4348247,0.683518,0.5335755,
4.411578,0.09485245,0.09297562,-0.7735472,-0.2432273,0.4347734,0.6835885,0.5334036,
4.422886,0.09485579,0.09296513,-0.773551,-0.2431145,0.4348695,0.6835337,0.5334469,
4.433905,0.09489107,0.09293461,-0.7736464,-0.2432509,0.4347871,0.6834827,0.5335172,
4.444957,0.09489679,0.09292221,-0.7736654,-0.2431542,0.4349144,0.6834063,0.5335554,
4.456139,0.0948534,0.09298992,-0.7735415,-0.243173,0.4348775,0.6834581,0.5335105,
4.46712,0.09484768,0.09299564,-0.77355,-0.2432168,0.4349127,0.6834388,0.5334867,
4.47818,0.09483171,0.09301853,-0.7734261,-0.2432884,0.4348871,0.6833922,0.5335347,
4.489233,0.09484243,0.09305763,-0.7735462,-0.2432126,0.4348697,0.6833531,0.5336333,
4.500824,0.09495592,0.09305763,-0.7736702,-0.2432476,0.4348871,0.6833544,0.5336015,
4.511521,0.09474015,0.09314728,-0.7737551,-0.2431972,0.4348253,0.6834448,0.5335591,
4.522657,0.09477401,0.09318161,-0.7737398,-0.2432027,0.4347522,0.6834384,0.5336244,
4.533807,0.09478045,0.09309387,-0.7735643,-0.2431287,0.4347953,0.6833842,0.5336924,
4.544761,0.09479523,0.0931282,-0.7735052,-0.2430743,0.4347058,0.6834371,0.5337222,
4.555878,0.09476852,0.09315586,-0.7734966,-0.2430633,0.4347324,0.6834444,0.5336963,
4.567035,0.0947783,0.09309864,-0.7735157,-0.2431008,0.4347455,0.683412,0.5337101,
4.578229,0.09485102,0.09313297,-0.7734585,-0.2430931,0.4347796,0.6833138,0.5338116,
4.589536,0.09493279,0.09310627,-0.7736177,-0.2430301,0.4347874,0.6832911,0.5338628,
4.60095,0.09502578,0.09302807,-0.7737226,-0.2431098,0.4348949,0.6831285,0.5339471,
4.612222,0.09498835,0.0930233,-0.7737045,-0.2429714,0.4348701,0.683166,0.5339823,
4.623764,0.09493828,0.09297752,-0.7737122,-0.2430416,0.4349481,0.6831303,0.5339325,
4.63515,0.09495139,0.0929203,-0.7736874,-0.2430859,0.4348532,0.6832504,0.533836,
4.64649,0.09487438,0.09294987,-0.7736397,-0.2432172,0.4348631,0.6832736,0.5337384,
4.6579,0.09486103,0.0929575,-0.7736425,-0.2432396,0.4348232,0.6832544,0.5337853,
4.669745,0.09490085,0.0929985,-0.7737226,-0.2431471,0.4348197,0.6832495,0.5338365,
4.682833,0.09487367,0.0929718,-0.7737665,-0.2432917,0.4348534,0.6831566,0.5338621,
4.692511,0.09496021,0.09295273,-0.7736883,-0.2432446,0.4349063,0.6831139,0.5338951,
4.703998,0.0949955,0.09302998,-0.7736712,-0.2432067,0.4349518,0.6830179,0.5339982,
4.715217,0.09506416,0.09303379,-0.7736464,-0.2430941,0.4349653,0.6828461,0.5342581,
4.726542,0.09509945,0.09305286,-0.7736654,-0.2428864,0.4350974,0.682624,0.5345287,
4.737769,0.09494543,0.09308243,-0.7737417,-0.2427543,0.435277,0.6822736,0.5348898,
4.749143,0.09494114,0.09301567,-0.7737036,-0.2426038,0.4353277,0.6821668,0.535053,
4.760556,0.09499073,0.09312344,-0.7736092,-0.2427209,0.4354182,0.6820679,0.5350524,
4.771856,0.09497666,0.09302044,-0.7737379,-0.2428617,0.4353307,0.6821568,0.5349463,
4.783149,0.09496403,0.09299088,-0.7737885,-0.2427456,0.4354601,0.6820768,0.5349957,
4.794093,0.09492445,0.09305191,-0.7738256,-0.2429326,0.43549,0.6820368,0.5349375,
4.805345,0.09498119,0.09296227,-0.773838,-0.2428098,0.4355309,0.6820251,0.5349748,
4.816544,0.09495854,0.09290695,-0.7738066,-0.2429041,0.4355157,0.6819676,0.5350177,
4.82761,0.09496403,0.09289742,-0.7737875,-0.2429279,0.435537,0.6818662,0.5351187,
4.838615,0.09504294,0.09290123,-0.7737503,-0.2429625,0.4356342,0.681756,0.5351644,
4.849911,0.09504557,0.09294033,-0.7738476,-0.2429015,0.4357378,0.6816472,0.5352462,
4.860947,0.09517431,0.09300995,-0.7738495,-0.2427926,0.4357958,0.6815563,0.5353643,
4.872047,0.09515715,0.09295273,-0.7738523,-0.2427536,0.4358585,0.6814637,0.5354487,
4.882996,0.09510326,0.0930481,-0.7738123,-0.2427867,0.4358981,0.6812961,0.5356147,
4.894106,0.09512925,0.0930748,-0.7739143,-0.2426994,0.436019,0.6811668,0.5357203,
4.905323,0.09512329,0.09304047,-0.7739105,-0.2426006,0.4360873,0.6811288,0.5357577,
4.916393,0.09503508,0.09304047,-0.7739697,-0.2425057,0.4359705,0.6811675,0.5358467,
4.927429,0.09504128,0.09300613,-0.7739096,-0.242568,0.4359831,0.681161,0.5358165,
4.938581,0.09509039,0.09304047,-0.7740126,-0.2426023,0.4360789,0.6810361,0.5358816,
4.949913,0.09515858,0.09306145,-0.7739801,-0.242571,0.436127,0.6809712,0.5359392,
4.960932,0.09523726,0.0929966,-0.7740793,-0.2425853,0.4360456,0.6809925,0.5359718,
4.972056,0.09524322,0.09308624,-0.7741432,-0.2425362,0.4361787,0.6808999,0.5360035,
4.983088,0.09530163,0.0930891,-0.7740993,-0.2424906,0.4361742,0.6809165,0.5360066,
4.994215,0.09523678,0.09304428,-0.7739353,-0.242504,0.4361519,0.6809472,0.5359798,
5.005291,0.09520578,0.09298706,-0.7739267,-0.2425361,0.4361113,0.6809605,0.5359814,
5.016404,0.09519839,0.09297752,-0.7739363,-0.2425404,0.4361276,0.6809371,0.5359958,
5.027431,0.09517813,0.09306049,-0.7739449,-0.2425355,0.4362289,0.6808498,0.5360265,
5.038479,0.09525204,0.0929985,-0.7739973,-0.2425522,0.4361651,0.6808698,0.5360456,
5.049654,0.09521198,0.0930481,-0.7740154,-0.2425654,0.4361744,0.6808546,0.5360512,
5.06097,0.09527016,0.09303474,-0.7740421,-0.2425337,0.4362119,0.6808316,0.5360644,
5.072044,0.09519815,0.09301853,-0.7740316,-0.2424955,0.4361866,0.6808714,0.5360516,
5.083052,0.09525347,0.09306622,-0.7740278,-0.2425076,0.4361472,0.6808963,0.5360466,
5.093993,0.09523082,0.09314632,-0.7740364,-0.2425304,0.4361256,0.6809075,0.5360395,
5.105126,0.09516811,0.09304619,-0.7739162,-0.2425323,0.4361362,0.6808994,0.5360404,
5.116415,0.09515142,0.09309864,-0.7738914,-0.2424886,0.4361881,0.6808431,0.5360895,
5.127512,0.09511614,0.09316063,-0.7739229,-0.242496,0.4361801,0.6808523,0.536081,
5.138714,0.09515381,0.0930624,-0.774003,-0.2424751,0.4362246,0.6807789,0.5361474,
5.14982,0.0952549,0.09301662,-0.7740059,-0.2425185,0.436188,0.6808022,0.536128,
5.160798,0.09524727,0.09308243,-0.7740202,-0.2425508,0.4362231,0.6808214,0.5360604,
5.171867,0.09521222,0.09305859,-0.7740803,-0.2425613,0.4362567,0.6807824,0.5360779,
5.182913,0.09524584,0.09301949,-0.7740908,-0.2425293,0.436266,0.6807514,0.5361241,
5.194514,0.09525561,0.09299755,-0.7740765,-0.2424898,0.4363339,0.6807391,0.5361024,
5.21067,0.0952363,0.09302139,-0.7740173,-0.2425354,0.4362986,0.6807192,0.5361358,
5.21646,0.0952878,0.09296989,-0.7739906,-0.2424724,0.4362629,0.6807305,0.5361788,
5.224667,0.09520841,0.09305286,-0.7739639,-0.2424301,0.4362444,0.6807727,0.5361596,
5.236178,0.09514523,0.09304333,-0.7739868,-0.2424296,0.4362262,0.6808882,0.5360279,
5.246857,0.09512711,0.09296989,-0.7739677,-0.242469,0.4361686,0.6809347,0.5359978,
5.25791,0.09519792,0.09301186,-0.7739468,-0.2424848,0.436083,0.6810314,0.5359375,
5.269023,0.09519625,0.09307194,-0.7739573,-0.2424602,0.4360593,0.6811149,0.5358618,
5.280078,0.09527469,0.09297276,-0.7739305,-0.2425415,0.4360728,0.6811427,0.5357786,
5.291282,0.09531951,0.0929718,-0.773962,-0.2424921,0.4359449,0.6812094,0.5358202,
5.302291,0.09531951,0.09300041,-0.7739201,-0.2425272,0.4361058,0.6811079,0.5358024,
5.313343,0.09523058,0.09303188,-0.7739944,-0.2424432,0.4359568,0.6811912,0.5358559,
5.324409,0.0951941,0.09301662,-0.7739954,-0.24244,0.4360003,0.6811845,0.5358304,
5.335622,0.09516501,0.09303093,-0.7739954,-0.2423981,0.4360058,0.6812673,0.5357396,
5.346613,0.09507465,0.09294128,-0.7739744,-0.2423846,0.4360248,0.6812457,0.5357577,
5.357831,0.09503555,0.0929184,-0.7739668,-0.2422835,0.4359457,0.6812847,0.5358182,
5.368892,0.09500837,0.09299278,-0.7739153,-0.2423495,0.4358412,0.6814786,0.535627,
5.380072,0.09504938,0.0929203,-0.7738943,-0.2423052,0.4358659,0.681557,0.5355271,
5.391085,0.09500766,0.09284592,-0.7738714,-0.2423957,0.4357729,0.6817878,0.5352679,
5.40216,0.09496498,0.09278202,-0.7738323,-0.2425027,0.4354585,0.6821208,0.535051,
5.413308,0.09494925,0.09272957,-0.7738962,-0.2424259,0.4354333,0.6822441,0.5349491,
5.424374,0.09488249,0.09278202,-0.7738066,-0.2427017,0.4351772,0.6826037,0.5345736,
5.435507,0.09482455,0.0927515,-0.7737703,-0.2424408,0.4351419,0.6827634,0.5345168,
5.446779,0.09490824,0.09276581,-0.7736197,-0.2426692,0.4348421,0.6830877,0.5342426,
5.45787,0.09495616,0.09279156,-0.7736082,-0.2426068,0.4347301,0.6831608,0.5342687,
5.468868,0.09493065,0.09283638,-0.7736368,-0.2425788,0.4347327,0.6833197,0.534076,
5.479959,0.09480071,0.09277916,-0.7736378,-0.2424217,0.4346193,0.6834528,0.5340694,
5.491098,0.09475756,0.09286594,-0.7736807,-0.2426267,0.4344612,0.683776,0.533691,
5.502407,0.09472871,0.09285641,-0.7736406,-0.2424822,0.4342425,0.6840604,0.5335703,
5.513474,0.09472418,0.09285736,-0.7736464,-0.2424354,0.4342811,0.6840834,0.5335306,
5.524341,0.094872,0.09273243,-0.7735996,-0.2424421,0.4342496,0.6841079,0.5335218,
5.535527,0.09489536,0.09273243,-0.773591,-0.2424409,0.4341825,0.6842412,0.533406,
5.546559,0.09475422,0.09273434,-0.7735577,-0.2423324,0.4341997,0.6842866,0.5333832,
5.557628,0.09478617,0.09275436,-0.7735281,-0.2424531,0.4340029,0.6844626,0.5332626,
5.569109,0.09479856,0.09275341,-0.7735319,-0.2424136,0.4340283,0.6844486,0.5332779,
5.580283,0.09477425,0.09280014,-0.7734852,-0.2423311,0.4339565,0.6844564,0.5333637,
5.591577,0.09481049,0.09276581,-0.7734051,-0.2422452,0.4339767,0.6845246,0.5332988,
5.602787,0.09472942,0.09274006,-0.7734489,-0.2422598,0.4339465,0.6845445,0.5332912,
5.614176,0.09473848,0.09272766,-0.7734661,-0.2421678,0.4339389,0.6845876,0.5332839,
5.625404,0.09470677,0.09278488,-0.773531,-0.2422423,0.4339211,0.684581,0.5332729,
5.636714,0.09470081,0.09275246,-0.7736082,-0.2421983,0.4339727,0.6845577,0.5332807,
5.648059,0.0947051,0.09273052,-0.7736025,-0.2422819,0.4339855,0.6844476,0.5333737,
5.659423,0.09478498,0.09266853,-0.7736044,-0.2422897,0.4339878,0.6843993,0.5334303,
5.670695,0.0948596,0.09266758,-0.7736063,-0.2421895,0.434055,0.6843221,0.5335202,
5.681844,0.09489679,0.09265614,-0.7736292,-0.2422858,0.4340224,0.6842937,0.5335394,
5.69319,0.09477878,0.09268761,-0.773571,-0.2422243,0.4341078,0.6841555,0.5336751,
5.704592,0.09479499,0.09267521,-0.7735233,-0.2422835,0.4341139,0.6841858,0.5336043,
5.715742,0.09480882,0.09265423,-0.7735424,-0.242194,0.4341954,0.6839952,0.533823,
5.727369,0.09473848,0.09270191,-0.7735662,-0.2422419,0.4341154,0.6839675,0.5339018,
5.744025,0.09468699,0.09272385,-0.77353,-0.2421316,0.43432,0.6837896,0.5340133,
5.749622,0.0946784,0.09272575,-0.773509,-0.2422362,0.4343006,0.6837289,0.5340594,
5.757725,0.09465647,0.09270954,-0.7735615,-0.2422276,0.4344001,0.6836088,0.5341361,
5.769479,0.09471178,0.09272003,-0.7735691,-0.2422867,0.4344839,0.6834642,0.5342262,
5.780091,0.09482503,0.09274578,-0.7737007,-0.2422524,0.4345982,0.6833016,0.5343568,
5.79074,0.09483147,0.09274864,-0.7737226,-0.2423414,0.4345915,0.6832389,0.5344022,
5.801727,0.09486866,0.09272766,-0.7737665,-0.2423302,0.4346915,0.6831399,0.5344523,
5.812964,0.09489703,0.09281731,-0.7737894,-0.2423247,0.4347951,0.6830149,0.5345304,
5.824066,0.09487438,0.09284401,-0.7737627,-0.242357,0.4349267,0.6828005,0.5346824,
5.835079,0.09499025,0.09279919,-0.7738047,-0.2423642,0.4350744,0.6825492,0.5348797,
5.846224,0.09505415,0.09283829,-0.7738495,-0.2423196,0.4352682,0.6822478,0.5351269,
5.857493,0.09514761,0.09279823,-0.7739458,-0.2422314,0.4353776,0.6820671,0.5353081,
5.86856,0.09517884,0.09283638,-0.7740021,-0.2422168,0.4355255,0.681811,0.5355206,
5.879634,0.095155,0.09282684,-0.7739983,-0.2422266,0.4355921,0.6816717,0.5356393,
5.893183,0.09514761,0.09283161,-0.7740297,-0.2422084,0.4356768,0.681538,0.5357488,
5.902076,0.09512854,0.09286976,-0.7739744,-0.2421892,0.4357969,0.6813378,0.5359145,
5.9139,0.09509945,0.09285545,-0.7739811,-0.2420853,0.4357859,0.6813056,0.5360112,
5.924743,0.09506536,0.09275627,-0.7738647,-0.2421724,0.4357365,0.6814007,0.5358912,
5.942635,0.09511614,0.09279346,-0.7737665,-0.2421455,0.435707,0.6813815,0.5359517,
5.947296,0.0950458,0.09278584,-0.77384,-0.2422193,0.435721,0.6813933,0.5358919,
5.955291,0.09506702,0.09275818,-0.7738609,-0.2422332,0.4357386,0.6813774,0.5358915,
5.966726,0.09509897,0.09283733,-0.7738981,-0.2422387,0.4357543,0.6813174,0.5359526,
5.977581,0.09514952,0.09279537,-0.7739534,-0.2421422,0.4357543,0.6813545,0.5359491,
5.988593,0.09513807,0.09274578,-0.7739172,-0.242256,0.4357088,0.6813692,0.535916,
5.999798,0.09514761,0.09279156,-0.773982,-0.2422235,0.4357158,0.6813884,0.5359005,
6.010755,0.09514332,0.09283638,-0.7739763,-0.2423545,0.4356766,0.6814035,0.5358541,
6.022012,0.09518671,0.09279633,-0.774003,-0.2423397,0.4357212,0.6813942,0.5358363,
6.033043,0.095119,0.09284782,-0.7740479,-0.2422774,0.4357444,0.6813548,0.5358956,
6.044142,0.09513474,0.0928669,-0.7740498,-0.2423277,0.4357462,0.6813188,0.5359173,
6.055214,0.09511137,0.09287357,-0.7740507,-0.2422425,0.4357455,0.6812521,0.5360411,
6.066396,0.09502506,0.0929451,-0.7739344,-0.2423122,0.4357478,0.6812915,0.5359578,
6.077423,0.095011,0.09293842,-0.7739449,-0.2423015,0.4357878,0.6812341,0.536003,
6.088436,0.09509897,0.09289932,-0.7739935,-0.2422296,0.4359265,0.681116,0.5360728,
6.099608,0.0951004,0.09289932,-0.7740021,-0.242353,0.4357259,0.6812225,0.5360447,
6.110698,0.09534454,0.09286976,-0.7739267,-0.2423154,0.4360231,0.6810288,0.5360662,
6.12184,0.0953598,0.09286594,-0.7739258,-0.242302,0.4357647,0.6811204,0.5361659,
6.135192,0.09532309,0.09291649,-0.77386,-0.2424316,0.4359834,0.6810312,0.5360428,
6.144037,0.09529734,0.09290504,-0.7739496,-0.2422778,0.4358365,0.6810065,0.5362632,
6.155276,0.09535861,0.0928812,-0.7739687,-0.2423122,0.4358022,0.6810256,0.5362513,
6.166409,0.09536862,0.09285069,-0.7739992,-0.2422603,0.4360479,0.6809106,0.5362209,
6.177461,0.09533477,0.09287453,-0.7739534,-0.2422446,0.4357522,0.6810487,0.5362931,
6.188582,0.09536695,0.09286594,-0.7739458,-0.2420874,0.4360074,0.6809192,0.536321,
6.199682,0.09533644,0.09290409,-0.7738943,-0.241917,0.4358948,0.6808776,0.5365423,
6.2108,0.09524751,0.09294415,-0.7740164,-0.2420482,0.4359028,0.6808182,0.536552,
6.221887,0.09529901,0.0928936,-0.7741089,-0.2419037,0.436009,0.6807216,0.5366534,
6.233003,0.09529328,0.09287643,-0.7741766,-0.2419848,0.4359195,0.6807634,0.5366365,
6.244467,0.09527135,0.09286594,-0.7741375,-0.242089,0.4358709,0.6807719,0.5366182,
6.256753,0.09522033,0.09292316,-0.7740784,-0.2419415,0.4360109,0.6806762,0.5366924,
6.266737,0.09524107,0.09289074,-0.774087,-0.241962,0.4360571,0.6806315,0.5367025,
6.277877,0.09518003,0.0929327,-0.7740402,-0.2419269,0.4359165,0.6806945,0.5367524,
6.288685,0.09525537,0.09291458,-0.773942,-0.2419628,0.4360435,0.6806857,0.5366443,
6.29989,0.09527779,0.09292507,-0.7740602,-0.2419706,0.4360006,0.6806655,0.5367012,
6.311109,0.09530115,0.0929575,-0.7740355,-0.2421364,0.4361156,0.6806363,0.53657,
6.322556,0.09522414,0.09295654,-0.7740507,-0.2420872,0.4360066,0.6807164,0.5365793,
6.33388,0.09525204,0.09291267,-0.7740355,-0.2421541,0.4360742,0.6806654,0.5365588,
6.345156,0.09527826,0.09306049,-0.7740011,-0.2421104,0.4359782,0.6807149,0.5365937,
6.356726,0.09533334,0.09302425,-0.7739887,-0.242189,0.4360296,0.6806957,0.5365409,
6.368003,0.09529948,0.0929575,-0.7739744,-0.2421344,0.4360319,0.680735,0.5365137,
6.379218,0.09522533,0.0929203,-0.7741127,-0.2421364,0.435999,0.6807517,0.5365184,
6.390518,0.09524655,0.09288788,-0.7741003,-0.2421756,0.4360397,0.6807269,0.5364991,
6.401959,0.09530354,0.09290504,-0.7741499,-0.2421901,0.4360221,0.6807431,0.5364863,
6.413452,0.09530783,0.09280491,-0.7741156,-0.2422079,0.4360812,0.68075,0.5364215,
6.424607,0.09542465,0.09287739,-0.774106,-0.2421915,0.4361482,0.6806605,0.536488,
6.436038,0.09541464,0.09288216,-0.7740269,-0.2422595,0.4361245,0.6806254,0.5365211,
6.447335,0.09537244,0.09281254,-0.7739973,-0.242156,0.4361257,0.6806692,0.5365113,
6.458652,0.09536505,0.09288216,-0.7740231,-0.2421957,0.4361374,0.6806338,0.5365287,
6.469932,0.09536576,0.09289837,-0.7740202,-0.2421955,0.4360881,0.6806872,0.536501,
6.481326,0.09530497,0.09288979,-0.7740393,-0.2421825,0.4361793,0.6806141,0.5365256,
6.492863,0.09530306,0.09287643,-0.7740774,-0.2422328,0.4360989,0.6806234,0.5365565,
6.504236,0.09531164,0.09287548,-0.7740831,-0.2422462,0.436056,0.6806615,0.5365369,
6.515747,0.09535885,0.09283733,-0.774085,-0.2422324,0.4361312,0.6806011,0.5365586,
6.52712,0.09527802,0.09283352,-0.7740974,-0.2422298,0.4361161,0.6806312,0.5365339,
6.537977,0.09533691,0.09277725,-0.7739992,-0.2422761,0.4360733,0.6806704,0.536498,
6.549014,0.09530354,0.09282494,-0.773963,-0.2422282,0.4361233,0.6807052,0.5364349,
6.560109,0.09527063,0.09291553,-0.7739897,-0.2422951,0.4360814,0.6806597,0.5364965,
6.573403,0.09525418,0.09296608,-0.7740736,-0.2422227,0.4360846,0.6807051,0.5364689,
6.58243,0.09527969,0.09296894,-0.7741232,-0.2423175,0.4360794,0.6806592,0.5364887,
6.593539,0.09528565,0.09299564,-0.7741299,-0.2422593,0.4361055,0.6806624,0.5364897,
6.604503,0.09528828,0.09301472,-0.7741451,-0.2422865,0.4360839,0.6806922,0.5364571,
6.615591,0.095294,0.09285927,-0.7741385,-0.2422475,0.4361378,0.6807114,0.5364065,
6.626672,0.09533,0.09288597,-0.7741461,-0.2422436,0.436108,0.6807228,0.536418,
6.63811,0.09530449,0.09291553,-0.7741184,-0.2422653,0.436111,0.6806756,0.5364659,
6.648885,0.09532809,0.09289455,-0.7741137,-0.2422832,0.4360558,0.6807512,0.5364066,
6.660131,0.09537411,0.09290028,-0.774087,-0.2423587,0.4359625,0.6808285,0.5363502,
6.671254,0.09524322,0.09290981,-0.7741642,-0.2422583,0.4361654,0.6807362,0.5363478,
6.682425,0.09521484,0.09293079,-0.774106,-0.242324,0.4359848,0.6808489,0.5363219,
6.693987,0.09528494,0.09291267,-0.7740555,-0.2424725,0.4361545,0.6809284,0.5360158,
6.704508,0.09524417,0.09287357,-0.7739601,-0.2423082,0.4359143,0.6811889,0.5359544,
6.715641,0.09532857,0.09286308,-0.7739229,-0.2427954,0.4358146,0.6814822,0.5354419,
6.7268,0.09534073,0.09290695,-0.7739525,-0.2427031,0.4356215,0.6816507,0.5354264,
6.737708,0.09538031,0.09293556,-0.7739925,-0.2430413,0.4355622,0.6817244,0.5352275,
6.749063,0.09534883,0.0928545,-0.7740116,-0.242783,0.4356117,0.6817393,0.5352854,
6.759995,0.09532857,0.09289455,-0.7740088,-0.2430374,0.4355928,0.681823,0.5350786,
6.771814,0.09534144,0.09283829,-0.7739668,-0.2424312,0.4356024,0.6817654,0.5354191,
6.794839,0.0952549,0.092906,-0.7739334,-0.2425332,0.435564,0.6817958,0.5353655,
6.804801,0.09526348,0.09281063,-0.7739859,-0.2427559,0.435651,0.681778,0.5352163,
6.815759,0.09534144,0.09280109,-0.7740726,-0.2426182,0.4355835,0.6818091,0.5352942,
6.826692,0.09532881,0.09279251,-0.7740908,-0.2427403,0.4356237,0.6818466,0.5351583,
6.837693,0.09533167,0.09278202,-0.7741098,-0.2427737,0.4355401,0.6818803,0.5351682,
6.848906,0.09537196,0.09272099,-0.7740612,-0.2428004,0.4356476,0.68183,0.5351326,
6.859955,0.09528971,0.09279537,-0.774045,-0.2427995,0.4356272,0.6818122,0.5351724,
6.87101,0.09528852,0.09283447,-0.7740259,-0.2428741,0.4355927,0.6819139,0.535037,
6.882109,0.09525919,0.0928688,-0.7739973,-0.2428165,0.435618,0.6818491,0.5351251,
6.893417,0.09507036,0.09292603,-0.7740545,-0.2428309,0.4356619,0.6817752,0.5351771,
6.904396,0.09503222,0.09286594,-0.7739735,-0.2427954,0.4356511,0.6817536,0.5352294,
6.915549,0.09499598,0.0928669,-0.7739954,-0.2428297,0.4356673,0.681701,0.5352677,
6.926571,0.09502006,0.09290218,-0.7740107,-0.2427569,0.4356571,0.6816591,0.5353624,
6.937734,0.09524918,0.09279537,-0.7740841,-0.2428026,0.435719,0.6815665,0.5354092,
6.94873,0.09524655,0.09276104,-0.7741327,-0.2428083,0.4357825,0.6814985,0.5354415,
6.959822,0.09525204,0.09274006,-0.7741442,-0.2427757,0.4358676,0.6814244,0.5354813,
6.971067,0.09529305,0.09282589,-0.774087,-0.2428597,0.4357338,0.6814722,0.5354913,
6.982138,0.0952599,0.09281826,-0.7740164,-0.2427983,0.4357881,0.681501,0.5354383,
6.993268,0.09526682,0.09282398,-0.7739992,-0.2428679,0.4357723,0.6815779,0.5353216,
7.004376,0.09526968,0.09284401,-0.7739286,-0.2429003,0.4356314,0.6816348,0.5353492,
7.0155,0.09527373,0.09283447,-0.7739105,-0.2429924,0.43574,0.6816284,0.5352271,
7.02661,0.09533644,0.09285069,-0.7740612,-0.2429095,0.4356667,0.6816821,0.5352561,
7.037819,0.0953393,0.09285545,-0.7740564,-0.2430415,0.4357384,0.6817183,0.5350917,
7.048706,0.0953691,0.0928421,-0.7741108,-0.2430131,0.4355935,0.6818389,0.5350689,
7.059918,0.09534645,0.0928669,-0.7740393,-0.2429993,0.4355851,0.6818929,0.5350131,
7.071077,0.09530449,0.09284782,-0.7740688,-0.2429742,0.4354971,0.6819088,0.5350758,
7.082088,0.0951705,0.09285831,-0.7740173,-0.2429242,0.4355042,0.6819021,0.5351016,
7.093171,0.09516501,0.09286499,-0.7740183,-0.2429811,0.4354886,0.6819384,0.5350419,
7.1043,0.09519219,0.09286404,-0.7740688,-0.2429478,0.4355491,0.6819151,0.5350375,
7.115873,0.09516835,0.09284401,-0.7740669,-0.2429557,0.4354834,0.6819109,0.5350928,
7.126579,0.09524536,0.09280872,-0.7740879,-0.2428969,0.435494,0.6818939,0.5351325,
7.137535,0.09521866,0.09283924,-0.7741175,-0.2429704,0.4355537,0.6818376,0.5351223,
7.148692,0.09532356,0.0927906,-0.7740335,-0.2429232,0.4356693,0.6817331,0.5351828,
7.15975,0.0952692,0.09281921,-0.7739229,-0.2429904,0.4354111,0.6818694,0.5351887,
7.17107,0.09525776,0.09285164,-0.7738981,-0.2429786,0.435507,0.6818116,0.5351897,
7.181964,0.09525561,0.09286118,-0.7738962,-0.2428678,0.4354901,0.6818024,0.5352656,
7.193182,0.09513235,0.09286118,-0.7739601,-0.2429213,0.4355664,0.6817742,0.5352151,
7.204254,0.09519029,0.0929451,-0.7740049,-0.242826,0.4355216,0.6817506,0.5353248,
7.215371,0.09519434,0.09296417,-0.7740049,-0.2428445,0.4355678,0.6817099,0.5353306,
7.22634,0.09519911,0.09294415,-0.7739859,-0.242653,0.4356307,0.6817009,0.5353777,
7.237424,0.09517813,0.09302425,-0.7740307,-0.2427462,0.4355897,0.6816816,0.5353934,
7.248928,0.09515977,0.0930481,-0.7740469,-0.2426802,0.4355628,0.6817109,0.5354079,
7.260056,0.09514785,0.09307671,-0.7740641,-0.2427215,0.4356464,0.6816279,0.5354268,
7.270934,0.09522247,0.09309006,-0.7740726,-0.2426881,0.4357103,0.681434,0.5356368,
7.282078,0.09519887,0.093153,-0.7740993,-0.2423593,0.4358455,0.6811569,0.536028,
7.293102,0.09522986,0.09317493,-0.7741537,-0.2424716,0.4357435,0.6811042,0.5361272,
7.30422,0.09522057,0.09320259,-0.7741861,-0.2422146,0.4359638,0.6808782,0.5363511,
7.315446,0.09528089,0.09316635,-0.7742567,-0.242361,0.4358626,0.6808378,0.5364186,
7.326409,0.0952878,0.09318542,-0.7742805,-0.2422016,0.4358635,0.6807556,0.536594,
7.352164,0.09525895,0.09327793,-0.7742624,-0.2420645,0.435919,0.6806651,0.5367257,
7.359939,0.0952239,0.0932827,-0.7742643,-0.2421662,0.4358112,0.6807795,0.5366222,
7.371018,0.09508944,0.09334278,-0.7742586,-0.242272,0.4358535,0.6807925,0.5365237,
7.382158,0.09520531,0.09339428,-0.7742119,-0.2421757,0.4358796,0.680725,0.5366315,
7.39316,0.09530187,0.09334946,-0.7742605,-0.2422756,0.435921,0.6806757,0.5366153,
7.404043,0.09529662,0.0933466,-0.77425,-0.2422509,0.4359637,0.6806334,0.5366454,
7.415086,0.09534311,0.09325886,-0.7742329,-0.2423,0.4359356,0.6806378,0.5366405,
7.426228,0.09538651,0.09318638,-0.7742081,-0.2423842,0.4358982,0.6807712,0.5364636,
7.437471,0.09537363,0.09319973,-0.7742634,-0.242422,0.4359997,0.6807402,0.5364034,
7.448787,0.09532499,0.09313488,-0.7743034,-0.2426404,0.4359637,0.6808599,0.5361819,
7.459703,0.09538698,0.0931263,-0.7743359,-0.2426048,0.4359582,0.680908,0.5361415,
7.470834,0.09531951,0.09312916,-0.774395,-0.2428308,0.4359383,0.6810029,0.5359348,
7.481837,0.09527898,0.09309006,-0.7743912,-0.2430102,0.4360612,0.681026,0.535724,
7.492882,0.09521794,0.09303188,-0.7743578,-0.2429806,0.4359843,0.6812218,0.5355511,
7.504029,0.09516001,0.09292507,-0.7742395,-0.2431537,0.4358604,0.6813679,0.5353876,
7.515075,0.09498668,0.09293175,-0.7742062,-0.2431794,0.4359636,0.6814082,0.5352405,
7.526422,0.09501815,0.09283066,-0.7742167,-0.2432367,0.4359263,0.6814848,0.5351474,
7.537594,0.09503174,0.09287071,-0.7741671,-0.2431716,0.4360417,0.681528,0.5350279,
7.548362,0.0949955,0.09282207,-0.7740984,-0.2432504,0.4356994,0.68189,0.5348097,
7.55984,0.09499335,0.09276104,-0.7740345,-0.2432795,0.4356876,0.6820621,0.5345865,
7.570583,0.09493399,0.09268665,-0.7739639,-0.2430152,0.4356856,0.6821412,0.5346075,
7.581723,0.09497118,0.09260941,-0.7739153,-0.2432739,0.4352885,0.6827661,0.5340152,
7.592945,0.09489775,0.09250069,-0.7737951,-0.2430895,0.4353856,0.6829141,0.5338308,
7.603993,0.09483933,0.09239578,-0.7736969,-0.2430767,0.4346977,0.6836245,0.5334877,
7.615149,0.09480214,0.09227562,-0.7735977,-0.2431662,0.4347354,0.6839073,0.5330536,
7.626265,0.09481239,0.0921402,-0.7734833,-0.2428407,0.4344886,0.6842014,0.5330258,
7.637173,0.0947423,0.09199429,-0.7734041,-0.2432347,0.434118,0.6848267,0.5323447,
7.648206,0.09461904,0.09193611,-0.7732534,-0.242734,0.4344219,0.6851352,0.5319282,
7.659428,0.09442663,0.09183598,-0.7731133,-0.2426801,0.4337935,0.6860599,0.5312734,
7.670656,0.09435177,0.09175396,-0.7729406,-0.2431239,0.4328386,0.6869907,0.530646,
7.681654,0.09430933,0.09167099,-0.7728853,-0.2424873,0.4335202,0.6865845,0.5309067,
7.692774,0.09423447,0.09170628,-0.7726793,-0.2425774,0.4335276,0.686733,0.5306674,
7.703737,0.0941186,0.09159279,-0.772563,-0.2420903,0.4330929,0.6870803,0.5307952,
7.715015,0.09418225,0.09162807,-0.7724495,-0.241687,0.4330489,0.687222,0.5308314,
7.726138,0.09409595,0.09158325,-0.7722769,-0.2414737,0.4327493,0.6875569,0.5307391,
7.737364,0.09406161,0.09155369,-0.7721834,-0.2411876,0.4325156,0.6877342,0.53083,
7.748535,0.09401512,0.0915432,-0.7722387,-0.240883,0.4325799,0.6878303,0.5307913,
7.759559,0.09391785,0.09148788,-0.7721891,-0.2408557,0.4323243,0.6881675,0.5305749,
7.770685,0.093894,0.091465,-0.7721119,-0.2403942,0.432133,0.6882985,0.5307701,
7.78177,0.09395456,0.09162903,-0.7719488,-0.2402869,0.4318053,0.6884474,0.5308924,
7.792814,0.09395266,0.09150696,-0.7719212,-0.2398552,0.4318094,0.6884389,0.5310951,
7.804002,0.09392214,0.09153557,-0.7718534,-0.2396861,0.431618,0.6886202,0.5310921,
7.815067,0.09371948,0.09152699,-0.7718792,-0.2392075,0.4313938,0.6889358,0.5310806,
7.826304,0.09366369,0.09147453,-0.7717066,-0.2392339,0.4309224,0.68942,0.5308231,
7.837369,0.09369469,0.09152699,-0.7716675,-0.238678,0.4308808,0.6894892,0.5310172,
7.848269,0.09376621,0.0914669,-0.7716093,-0.23844,0.4305675,0.6896769,0.5311344,
7.859703,0.09366989,0.09149837,-0.7714567,-0.2379406,0.4304383,0.6897528,0.5313644,
7.870987,0.0936358,0.0914793,-0.7713327,-0.2375977,0.4301173,0.6900996,0.5313276,
7.884527,0.0935626,0.09147167,-0.7712412,-0.2372709,0.4298625,0.6903734,0.5313242,
7.893183,0.09352636,0.09151554,-0.7712221,-0.237009,0.4297668,0.6905001,0.5313538,
7.904138,0.09345651,0.09151554,-0.7711592,-0.2369101,0.4294073,0.690845,0.5312402,
7.914969,0.09351063,0.09151936,-0.7711458,-0.2366788,0.4293655,0.6909772,0.5312052,
7.92616,0.09347153,0.09153557,-0.7710161,-0.2365197,0.4292586,0.6910625,0.5312515,
7.937261,0.09339333,0.09153557,-0.7709017,-0.2361708,0.4291455,0.6911017,0.5314471,
7.948375,0.09329247,0.09152794,-0.7708454,-0.2355609,0.4289106,0.691101,0.5319082,
7.959567,0.09323812,0.09173584,-0.7707176,-0.2349696,0.4288533,0.691138,0.5321677,
7.971896,0.09323692,0.09170723,-0.7707148,-0.2345569,0.4284188,0.6915085,0.5322185,
7.985118,0.09324646,0.09170532,-0.7705908,-0.2342226,0.4284929,0.6916014,0.5321853,
7.992829,0.09318709,0.09169388,-0.7705278,-0.2341107,0.4281859,0.6918701,0.5321323,
8.002748,0.09318519,0.09168148,-0.7704725,-0.2335827,0.4283059,0.691807,0.5323498,
8.013788,0.09320211,0.0916729,-0.7704115,-0.2331361,0.4276884,0.6921158,0.5326405,
8.0249,0.09322882,0.09169102,-0.7703419,-0.232557,0.4275068,0.6921213,0.5330321,
8.036045,0.09329462,0.09156227,-0.7702436,-0.2318619,0.4274422,0.6921127,0.5333979,
8.047063,0.09321761,0.09157562,-0.7700624,-0.2315394,0.4271665,0.6923466,0.5334553,
8.058308,0.09322643,0.09144115,-0.7700834,-0.2313437,0.4270487,0.6925231,0.5334054,
8.06927,0.09316301,0.09144211,-0.7699213,-0.2309665,0.4272245,0.6923373,0.5336691,
8.080454,0.09319901,0.0915041,-0.7699137,-0.2308575,0.427153,0.6925619,0.5334821,
8.091453,0.0931735,0.09161282,-0.7698698,-0.230627,0.4274347,0.6924641,0.5334832,
8.102711,0.09326506,0.09152889,-0.7699509,-0.2304315,0.4272336,0.6924877,0.533698,
8.113747,0.0932219,0.09144688,-0.7699471,-0.2300768,0.4272786,0.6922989,0.5340598,
8.124901,0.09324694,0.09145546,-0.769865,-0.2296489,0.4271129,0.6922379,0.5344555,
8.135986,0.09339666,0.09131813,-0.7697754,-0.2291066,0.4267889,0.6922889,0.5348808,
8.14709,0.09333706,0.09134197,-0.7695522,-0.2285634,0.4266643,0.6922271,0.5352926,
8.158162,0.09344196,0.09145641,-0.7694216,-0.2273868,0.4262329,0.6920251,0.5363972,
8.169164,0.09334731,0.09139538,-0.7693529,-0.2266402,0.4259197,0.6921546,0.5367948,
8.180463,0.09333324,0.09143257,-0.7693701,-0.2264245,0.4254268,0.6925411,0.5367784,
8.191625,0.09313536,0.09141922,-0.7694731,-0.2260907,0.4257202,0.6925187,0.5367153,
8.202567,0.09308338,0.09132385,-0.7694521,-0.2259108,0.4254579,0.6927779,0.5366644,
8.213728,0.09323359,0.09139061,-0.7693262,-0.2258587,0.4251374,0.6931995,0.5363959,
8.224689,0.09316945,0.09160233,-0.7692261,-0.2259288,0.4253528,0.6932863,0.5360833,
8.235936,0.09317875,0.09154129,-0.7692032,-0.2261117,0.425258,0.6937385,0.5354961,
8.247103,0.09310317,0.09140396,-0.7692127,-0.2266212,0.425864,0.6938628,0.5346374,
8.258133,0.09315372,0.09149361,-0.7693233,-0.2273902,0.4261512,0.6938766,0.5340638,
8.269261,0.09259081,0.09183407,-0.7694244,-0.2274634,0.4260348,0.6936984,0.5343569,
8.280401,0.09267807,0.09169579,-0.7694559,-0.2275493,0.4255436,0.694035,0.5342748,
8.291425,0.09273863,0.09171867,-0.7695084,-0.2282001,0.4254027,0.6940743,0.5340582,
8.302549,0.09291506,0.09165001,-0.7696247,-0.22843,0.4256882,0.6937613,0.5341391,
8.31366,0.09282875,0.09169197,-0.7695799,-0.2288339,0.4258184,0.6936842,0.5339625,
8.324929,0.09294677,0.09170723,-0.7696733,-0.2293667,0.4257615,0.694043,0.5333126,
8.33594,0.09279227,0.09162331,-0.7697439,-0.2297724,0.42608,0.6940947,0.5328162,
8.34744,0.09260464,0.09163857,-0.7696619,-0.2304076,0.426155,0.6946224,0.5317932,
8.358479,0.09240627,0.09165859,-0.7697239,-0.2311061,0.4263097,0.6950723,0.5307773,
8.369635,0.09203196,0.09184074,-0.7697906,-0.2318482,0.4265416,0.6954424,0.5297815,
8.380765,0.09174871,0.09191227,-0.7696705,-0.2321168,0.4263096,0.6961057,0.5289791,
8.392249,0.09190512,0.0917244,-0.7697124,-0.2329725,0.4267072,0.6964624,0.5278115,
8.403785,0.09197807,0.09188938,-0.7695198,-0.2328379,0.4264747,0.6963901,0.5281541,
8.414698,0.09201479,0.09193802,-0.7694921,-0.232626,0.426364,0.6960667,0.5287628,
8.425956,0.09221268,0.09191513,-0.7693844,-0.2320753,0.4256907,0.6959592,0.5296879,
8.436898,0.09226608,0.09199524,-0.7692919,-0.2304158,0.4253822,0.6952171,0.5316312,
8.448246,0.09206057,0.09228325,-0.7690983,-0.2283143,0.4250047,0.6947107,0.5334985,
8.459249,0.0920279,0.09239674,-0.7688627,-0.2279419,0.423144,0.6958308,0.533677,
8.470298,0.09222317,0.09237385,-0.7686577,-0.2261457,0.4226595,0.6960579,0.5345282,
8.481377,0.09213543,0.09241295,-0.7684803,-0.2254849,0.4221151,0.6965021,0.5346591,
8.492622,0.09240103,0.09238338,-0.7682152,-0.2248415,0.4211698,0.6972909,0.5346473,
8.503679,0.09236574,0.09243774,-0.7682171,-0.224584,0.4208756,0.6974958,0.5347199,
8.51478,0.09236574,0.09248543,-0.7682247,-0.2244504,0.4208823,0.6975666,0.5346783,
8.525959,0.09230947,0.0924902,-0.7682285,-0.224398,0.4207631,0.6977508,0.5345538,
8.537013,0.09230947,0.09249687,-0.7681875,-0.2246561,0.421077,0.6979424,0.5339477,
8.54855,0.09229851,0.09242344,-0.768219,-0.2250209,0.4213681,0.6980358,0.5334423,
8.559255,0.09214783,0.0924263,-0.7682171,-0.2256411,0.4218307,0.697966,0.5329056,
8.570376,0.09212351,0.09229851,-0.7683668,-0.2262036,0.4220902,0.6981444,0.5322276,
8.581339,0.09194016,0.09233761,-0.7684717,-0.2268961,0.4225202,0.6981338,0.5316051,
8.592454,0.09185624,0.09239292,-0.7685022,-0.2273199,0.4226043,0.698366,0.5310519,
8.603826,0.09190512,0.09235382,-0.7685671,-0.2274702,0.4226992,0.6982875,0.5310153,
8.614798,0.09200811,0.09221649,-0.7686052,-0.2276063,0.4223293,0.698388,0.5311191,
8.625817,0.09201598,0.09222507,-0.7686214,-0.2275713,0.422554,0.6981499,0.5312685,
8.636944,0.09204245,0.09211159,-0.7688265,-0.2278569,0.4225967,0.6979955,0.531315,
8.647962,0.09215164,0.09197044,-0.7690611,-0.2277967,0.4228781,0.697684,0.531526,
8.659192,0.09215403,0.09200954,-0.7691946,-0.2281413,0.4233634,0.6971806,0.5316525,
8.670294,0.09233856,0.09200001,-0.7691746,-0.228168,0.4237553,0.6968306,0.5317875,
8.681317,0.092345,0.09195328,-0.7692423,-0.2285095,0.4241057,0.6964992,0.5317956,
8.692488,0.09225464,0.09178734,-0.7694178,-0.2287275,0.4242178,0.696507,0.5316023,
8.703575,0.09227133,0.0917387,-0.7695417,-0.2292882,0.4245195,0.6964136,0.5312421,
8.714625,0.09204173,0.09169674,-0.7697287,-0.2296319,0.4250274,0.696127,0.5310632,
8.725688,0.09203219,0.09163952,-0.7697992,-0.2299576,0.4252786,0.6959205,0.5309917,
8.736866,0.09213305,0.09160805,-0.7696943,-0.2300555,0.4257379,0.6956936,0.5308787,
8.747901,0.09239531,0.09157753,-0.7697229,-0.2300194,0.4258883,0.695556,0.5309539,
8.759109,0.09238362,0.09162235,-0.7697239,-0.2301482,0.4262275,0.6952128,0.5310753,
8.770151,0.09248304,0.09173489,-0.7696838,-0.2300971,0.426219,0.6953251,0.5309573,
8.781537,0.09261751,0.09171677,-0.7698641,-0.2302533,0.4263934,0.6951581,0.5309682,
8.792439,0.09272289,0.09175491,-0.7698622,-0.2303235,0.4263476,0.6950865,0.5310683,
8.803541,0.09278226,0.09171963,-0.7699394,-0.2305332,0.4267631,0.6947972,0.5310222,
8.814769,0.09283257,0.09137535,-0.7699556,-0.230412,0.4266509,0.694882,0.531054,
8.825747,0.09284139,0.09143448,-0.7700157,-0.2304779,0.4269578,0.6946207,0.5311205,
8.836802,0.09283638,0.09121227,-0.7703867,-0.2303497,0.4272158,0.6942191,0.5314937,
8.848012,0.09272766,0.09103012,-0.7703247,-0.2302196,0.4270866,0.69414,0.5317572,
8.859557,0.09267187,0.09106541,-0.7702188,-0.2297964,0.4270048,0.6939352,0.5322729,
8.870321,0.09303379,0.09116077,-0.7701015,-0.2292881,0.426794,0.6939296,0.5326684,
8.881492,0.09313154,0.09136295,-0.7701225,-0.2291999,0.4267874,0.6936693,0.5330504,
8.892424,0.09319878,0.09127426,-0.7700977,-0.2285206,0.4266425,0.6936715,0.5334551,
8.90351,0.09326553,0.0912962,-0.7701368,-0.2287248,0.4266606,0.6935232,0.5335459,
8.914617,0.09333563,0.09122753,-0.7702417,-0.2283399,0.4266948,0.6934481,0.5337811,
8.92585,0.09338403,0.09135246,-0.770215,-0.2282986,0.4267511,0.6931596,0.5341282,
8.937143,0.09332347,0.09125423,-0.7700853,-0.2277507,0.4266256,0.6931053,0.5345327,
8.948318,0.09333539,0.09125137,-0.7701998,-0.2273958,0.426208,0.6933652,0.5346799,
8.959404,0.0934689,0.09117317,-0.770318,-0.2273768,0.4264372,0.6929573,0.5350339,
8.970191,0.09352326,0.09108353,-0.7702227,-0.2270681,0.4263063,0.6930463,0.5351542,
8.981192,0.09348106,0.09115505,-0.7701645,-0.2269154,0.4261711,0.6929679,0.5354279,
8.99247,0.09350872,0.09110641,-0.7701454,-0.2267359,0.4259013,0.6929274,0.5357711,
9.003519,0.09344721,0.0911026,-0.7699966,-0.2263296,0.4257492,0.6927862,0.5362461,
9.014635,0.09335399,0.09110069,-0.7699289,-0.2258035,0.4253941,0.6928421,0.5366772,
9.025674,0.09343624,0.09114647,-0.7698841,-0.2252603,0.4251232,0.6926901,0.537316,
9.036833,0.09341359,0.0912199,-0.7698822,-0.2248123,0.4248978,0.6926716,0.5377058,
9.047907,0.09320903,0.091362,-0.7700872,-0.2242918,0.4247655,0.6924727,0.5382834,
9.058949,0.09327269,0.09129524,-0.7701406,-0.2240159,0.4246762,0.6922836,0.5387118,
9.070071,0.09340358,0.09148026,-0.7700481,-0.2236458,0.4243233,0.6921948,0.5392576,
9.081135,0.09349775,0.09126663,-0.7699299,-0.2233319,0.4241491,0.6920617,0.5396954,
9.092228,0.09382248,0.09111118,-0.7697554,-0.2227446,0.42411,0.6919247,0.5401443,
9.103356,0.09405756,0.09116173,-0.7697382,-0.2221749,0.4240235,0.69172,0.5407087,
9.114496,0.09411597,0.09116268,-0.7696419,-0.2217037,0.4237519,0.6915787,0.5412954,
9.125485,0.09411478,0.09127522,-0.7696362,-0.2211813,0.423451,0.6913833,0.5419937,
9.136904,0.09423065,0.091259,-0.7696037,-0.2207579,0.4232247,0.6912432,0.5425216,
9.147879,0.09449577,0.09122658,-0.7694654,-0.2201363,0.4227954,0.691288,0.5430515,
9.158957,0.09467793,0.0913353,-0.7694731,-0.2198392,0.4225503,0.6911309,0.5435624,
9.170179,0.09485602,0.09119129,-0.7694063,-0.2194567,0.4222992,0.691108,0.5439412,
9.181094,0.09503222,0.09128761,-0.7693024,-0.2189624,0.4220446,0.6907892,0.5447422,
9.192244,0.09480906,0.09136581,-0.7692842,-0.2182854,0.4218417,0.6904027,0.5456602,
9.203264,0.0949049,0.09141254,-0.7692413,-0.2175855,0.4212196,0.6902068,0.5466673,
9.214534,0.09506226,0.09143448,-0.7690191,-0.2164722,0.4206623,0.6898847,0.5479435,
9.225472,0.09494829,0.09158897,-0.7690821,-0.215602,0.4200356,0.6895872,0.5491406,
9.236675,0.09517431,0.09160233,-0.7689657,-0.2146541,0.4191491,0.6894047,0.550417,
9.24774,0.09561658,0.09171104,-0.7687378,-0.2137503,0.4183946,0.6889621,0.551895,
9.258712,0.09587336,0.09185982,-0.7685814,-0.2124132,0.4172434,0.6887246,0.5535766,
9.26984,0.09650373,0.09186172,-0.7683382,-0.2113658,0.4161763,0.6885318,0.5550188,
9.281177,0.09680843,0.09198666,-0.7680864,-0.2100625,0.41478,0.6883031,0.5568394,
9.292224,0.09713936,0.09222794,-0.7679625,-0.2092525,0.4130388,0.6880773,0.5587146,
9.303284,0.09755802,0.09245396,-0.7674408,-0.2075129,0.4108201,0.687915,0.5611935,
9.314603,0.09803176,0.09254265,-0.7671137,-0.2059039,0.4087208,0.6878595,0.563383,
9.325618,0.0982635,0.09268093,-0.7668238,-0.2039805,0.4062009,0.6875777,0.5662417,
9.336656,0.09877467,0.09286404,-0.7663631,-0.2022079,0.4036859,0.6873442,0.5689531,
9.347701,0.09908867,0.09310722,-0.7656212,-0.1992932,0.4000707,0.6873711,0.5724916,
9.358774,0.09987259,0.09344387,-0.765192,-0.1967674,0.3961485,0.6874328,0.576008,
9.370078,0.1003563,0.09370041,-0.7645636,-0.1935346,0.3925193,0.6873309,0.5796975,
9.380975,0.100997,0.09384441,-0.7637119,-0.1894391,0.3886665,0.6871048,0.5838991,
9.392166,0.1015806,0.09404659,-0.7628326,-0.1851848,0.3837995,0.6874214,0.5880955,
9.403279,0.1023526,0.09415913,-0.7619009,-0.1806613,0.3789487,0.6877015,0.5923057,
9.414443,0.1030688,0.09443092,-0.7608509,-0.1759775,0.3742912,0.6878184,0.5965265,
9.425484,0.1038141,0.09474754,-0.759613,-0.169922,0.3686701,0.6886448,0.6008139,
9.436666,0.1046062,0.09499168,-0.7582827,-0.1637753,0.3624487,0.6894944,0.605315,
9.447692,0.1055641,0.09519482,-0.7567463,-0.156419,0.356163,0.6905332,0.6097909,
9.458977,0.1062851,0.09548473,-0.7551184,-0.1499788,0.3495789,0.6917148,0.6138662,
9.470139,0.1069322,0.09580135,-0.7535791,-0.1424331,0.3429863,0.6926636,0.6182964,
9.481255,0.1076374,0.09611511,-0.751708,-0.1347867,0.3349134,0.6944877,0.6223764,
9.492619,0.108274,0.09632301,-0.7497082,-0.125387,0.325855,0.6959041,0.6275461,
9.503497,0.1090512,0.09666157,-0.7474909,-0.1151822,0.3159165,0.698171,0.63205,
9.514586,0.1097341,0.09689522,-0.7452307,-0.1057104,0.3060896,0.6999034,0.636608,
9.525359,0.1105032,0.09710026,-0.7424154,-0.09344723,0.2941464,0.7024109,0.6413771,
9.536612,0.1112547,0.09728622,-0.7397242,-0.08154162,0.2825574,0.7042381,0.6461896,
9.547579,0.1120858,0.09741306,-0.7364607,-0.06788231,0.2676844,0.7069311,0.6511416,
9.559093,0.1129594,0.09766865,-0.7329063,-0.05130592,0.2516519,0.7088748,0.6569138,
9.569799,0.1137056,0.09806156,-0.7292776,-0.03618676,0.2356694,0.7110955,0.6614331,
9.580962,0.1142974,0.09895515,-0.7248602,-0.01781295,0.2157317,0.7143331,0.6654853,
9.59203,0.114944,0.09975624,-0.7208977,-0.001289706,0.1976378,0.7163417,0.6691728,
9.603106,0.1156144,0.1018276,-0.7165279,0.01725426,0.1791224,0.7181988,0.6721666,
9.614201,0.1163378,0.1035318,-0.7117367,0.03349186,0.1634628,0.7191046,0.6745716,
9.625608,0.1165466,0.1068163,-0.705905,0.05105819,0.1444583,0.721858,0.6748674,
9.63648,0.1171689,0.1100035,-0.7002468,0.06837422,0.126811,0.7244875,0.6740636,
9.647644,0.1178665,0.1143904,-0.6936855,0.08713049,0.1124739,0.7268155,0.6719354,
9.658691,0.1185262,0.119689,-0.6864491,0.1021079,0.09890398,0.7292832,0.6692817,
9.669837,0.1192446,0.1253824,-0.6791296,0.1186625,0.08783417,0.7306353,0.6666156,
9.680958,0.1200442,0.1320276,-0.669692,0.133537,0.08720589,0.7317513,0.6626486,
9.691993,0.1208227,0.1379356,-0.6608458,0.1485325,0.08024155,0.7332129,0.6587095,
9.703064,0.1213329,0.1433392,-0.6507416,0.1619839,0.0749948,0.7356754,0.6533902,
9.714172,0.1219091,0.1471853,-0.6396656,0.1722384,0.07012281,0.739195,0.6473079,
9.725381,0.1218157,0.1498775,-0.6284904,0.1850904,0.0657272,0.7417473,0.6412741,
9.736392,0.1213477,0.1538181,-0.6149855,0.1955519,0.04489326,0.7444724,0.6367927,
9.747356,0.1205099,0.1617889,-0.6005049,0.1734941,0.05056342,0.7515264,0.6344692,
9.758772,0.1207781,0.1655264,-0.5839472,0.1365193,0.08510289,0.7608355,0.6286886,
9.769724,0.1205115,0.1685438,-0.5681925,0.1297044,0.08354589,0.7632397,0.627425,
9.781049,0.1207862,0.1691256,-0.5510225,0.1192423,0.09233578,0.7661958,0.6246594,
9.792041,0.1209934,0.1700983,-0.5347395,0.1112621,0.1010425,0.7689773,0.6213575,
9.803139,0.1218548,0.1686211,-0.517499,0.1090156,0.1092687,0.7698382,0.6192941,
9.814246,0.1224296,0.1676073,-0.4995165,0.1041159,0.1200375,0.7705821,0.6172148,
9.825255,0.1232345,0.1658964,-0.4814749,0.09744897,0.1311612,0.7716043,0.6147578,
9.836379,0.124115,0.1638393,-0.461978,0.08895824,0.1432853,0.7716466,0.6132841,
9.847468,0.1248307,0.1605778,-0.4417715,0.07921868,0.1569541,0.7706476,0.6125293,
9.858569,0.1258059,0.1572962,-0.42099,0.06626716,0.171729,0.7691886,0.6119369,
9.869659,0.1267881,0.1537638,-0.399457,0.05136368,0.1872199,0.7671732,0.6113557,
9.880851,0.1272812,0.1509275,-0.3783627,0.03674935,0.2017702,0.7653161,0.6101062,
9.891835,0.1281037,0.1471272,-0.356144,0.02042956,0.2172001,0.7629182,0.6085742,
9.903132,0.1292655,0.1428356,-0.3332815,0.004354079,0.2324659,0.7598835,0.6070567,
9.914248,0.1308284,0.1383638,-0.3101549,-0.009169302,0.2479032,0.7556697,0.6061546,
9.925166,0.132653,0.1340799,-0.2865191,-0.02109495,0.2646552,0.7498779,0.6059668,
9.936756,0.1344175,0.1300993,-0.2631168,-0.03371393,0.2817778,0.7439742,0.6049521,
9.947515,0.136004,0.1265478,-0.2388887,-0.04719516,0.2997208,0.7372069,0.6037102,
9.958552,0.1375017,0.1240139,-0.2148886,-0.06309584,0.317612,0.7299287,0.6019517,
9.969759,0.1389017,0.1217384,-0.1907845,-0.08034568,0.3345504,0.7224866,0.5996948,
9.980757,0.1405716,0.1199121,-0.167099,-0.1004874,0.349621,0.7146283,0.5974729,
9.991992,0.1404023,0.1185417,-0.1436071,-0.1220292,0.3614164,0.7072216,0.5952517,
10.00338,0.1400142,0.1178932,-0.1200628,-0.1445087,0.3708075,0.699611,0.5934336,
10.01439,0.1409531,0.1172323,-0.09720135,-0.1659327,0.3809408,0.6914289,0.5909963,
10.02535,0.1408863,0.1190386,-0.07633209,-0.1898779,0.3892066,0.6830645,0.588122,
10.0363,0.1416364,0.1193247,-0.05536461,-0.2098123,0.3991428,0.6736839,0.5855031,
10.04734,0.1425815,0.1213484,-0.03571987,-0.2261345,0.4077445,0.6646986,0.5837667,
10.05854,0.1433029,0.1228628,-0.017272,-0.2391682,0.4164099,0.6564136,0.581827,
10.06963,0.144331,0.1250267,0.001189232,-0.2513919,0.425417,0.6482443,0.5793116,
10.08072,0.1447697,0.1277905,0.01753139,-0.2616801,0.4355821,0.6411746,0.5750539,
10.09184,0.1450958,0.1315737,0.03236294,-0.2733493,0.4460107,0.6360562,0.5672628,
10.10302,0.1455989,0.1348515,0.04671097,-0.2832807,0.4555584,0.6321638,0.5590953,
10.11406,0.1463914,0.1375618,0.06089878,-0.292091,0.4652496,0.6272151,0.5521113,
10.12507,0.1474805,0.1409245,0.0722332,-0.2941599,0.4760829,0.6228709,0.546669,
10.13626,0.148458,0.1436863,0.08417225,-0.298358,0.4878082,0.6160538,0.5417596,
10.14732,0.149564,0.1465616,0.09475422,-0.299132,0.5004016,0.6085632,0.5383022,
10.1584,0.1501622,0.1489506,0.1038313,-0.3003502,0.5115178,0.6014683,0.5351405,
10.16951,0.1508203,0.150877,0.1124554,-0.3019319,0.5199688,0.5965358,0.5316151,
10.1807,0.1513669,0.1523829,0.121027,-0.3039389,0.5275919,0.5921697,0.5278285,
10.19166,0.1513753,0.1527138,0.1277914,-0.3050501,0.5315503,0.5900741,0.5255582,
10.20284,0.1513224,0.1524143,0.1330843,-0.3062946,0.5337631,0.5885097,0.5243445,
10.21399,0.150744,0.1511927,0.136837,-0.3082669,0.5358363,0.5866817,0.523121,
10.22499,0.1502352,0.149085,0.1393967,-0.309889,0.5369873,0.5847526,0.5231423,
10.23606,0.1497118,0.1466961,0.1419964,-0.3107837,0.5372449,0.5832327,0.524043,
10.24729,0.1485679,0.14221,0.142004,-0.3103104,0.5332344,0.5837275,0.5278549,
10.25842,0.1469722,0.1383324,0.1419306,-0.3100608,0.5296205,0.5848672,0.5303723,
10.26948,0.145184,0.1320925,0.1391325,-0.3091123,0.5219461,0.5894125,0.533493,
10.28061,0.144655,0.1291246,0.1421137,-0.3155669,0.5438202,0.5745974,0.5239418,
10.29167,0.1432009,0.1216984,0.1449337,-0.2957475,0.5199069,0.5893796,0.5430119,
10.30278,0.142143,0.1182575,0.1523132,-0.2976579,0.5303753,0.5873554,0.533962,
10.31395,0.1430848,0.1134672,0.1589651,-0.2933996,0.4936818,0.6055554,0.5509061,
10.32501,0.1426642,0.1064873,0.1615286,-0.2630477,0.4619297,0.612385,0.5851594,
10.33612,0.1419754,0.1021547,0.1620207,-0.2508834,0.4592658,0.61412,0.590753,
10.34726,0.1435623,0.09809208,0.1651525,-0.2564005,0.4666191,0.6256171,0.5702006,
10.35838,0.1450102,0.09350014,0.1692762,-0.229788,0.4427376,0.646226,0.5775576,
10.36932,0.1427712,0.09087467,0.1707144,-0.2117544,0.42056,0.6653518,0.5793068,
10.38055,0.1386902,0.08985424,0.1724005,-0.2147453,0.4028746,0.6790785,0.5748295,
10.39167,0.1353116,0.0903492,0.1712379,-0.254385,0.4033631,0.6856552,0.5499669,
10.40282,0.1346045,0.09002876,0.1724939,-0.264563,0.4178495,0.6843356,0.5358106,
10.41394,0.1416471,0.0915184,0.1717138,-0.24886,0.4226755,0.670751,0.5563337,
10.42488,0.1390624,0.09094238,0.1729851,-0.2353543,0.4373111,0.6597754,0.5639714,
10.436,0.1386924,0.09057808,0.1740036,-0.2523162,0.4158699,0.6741841,0.5557558,
10.44713,0.1393766,0.08885956,0.1737461,-0.2421968,0.4223877,0.6697049,0.5607359,
10.45827,0.1382306,0.08933163,0.1739159,-0.243236,0.4255962,0.6681128,0.5597585,
10.46955,0.1381321,0.0894537,0.1740618,-0.2454997,0.4213842,0.6715077,0.5578912,
10.48061,0.1382933,0.0895977,0.173481,-0.2443957,0.4222971,0.6706091,0.558766,
10.49165,0.1376827,0.08964348,0.1737633,-0.2442829,0.4245228,0.6692563,0.5587507,
10.50281,0.1381311,0.09014797,0.1734133,-0.2446242,0.4230743,0.6705393,0.5581614,
10.51393,0.1383374,0.09056091,0.1731892,-0.2446671,0.4232004,0.6706303,0.5579376,
10.52521,0.1383975,0.09043312,0.173131,-0.2447965,0.4232828,0.6705377,0.5579298,
10.53654,0.1382456,0.0904808,0.1730051,-0.2448423,0.4240404,0.6700204,0.5579558,
10.54742,0.138741,0.09082794,0.1730175,-0.2447807,0.4243081,0.6696652,0.5582057,
10.55859,0.1386433,0.09108448,0.1729269,-0.2450954,0.4246021,0.6694895,0.5580547,
10.57277,0.1386981,0.09112358,0.1730013,-0.2450857,0.4247044,0.6693199,0.5581846,
10.58064,0.1387706,0.09129429,0.1728649,-0.2450967,0.4249158,0.6691926,0.5581715,
10.5915,0.1388097,0.09122849,0.1727276,-0.245567,0.4249381,0.6691712,0.5579734,
10.6026,0.1388469,0.0912447,0.1726818,-0.2454994,0.4255572,0.6687613,0.5580229,
10.61377,0.1389074,0.09117222,0.1727381,-0.2459317,0.4258578,0.66857,0.5578322,
10.62496,0.1388435,0.09100914,0.1729536,-0.2459724,0.4252421,0.6694219,0.5572621,
10.63605,0.1386957,0.09101582,0.1729441,-0.2459973,0.4249135,0.6698737,0.5569587,
10.64708,0.1386311,0.09105206,0.1729145,-0.2465735,0.4248252,0.6701085,0.5564887,
10.65821,0.1386781,0.09104347,0.1729393,-0.2464482,0.4256128,0.669685,0.5564523,
10.66936,0.1386247,0.09108925,0.1729822,-0.2462737,0.4251288,0.6697622,0.5568064,
10.68036,0.1387534,0.09106159,0.1730032,-0.2461499,0.4254493,0.6695207,0.5569068,
10.69153,0.1387095,0.09104729,0.1730576,-0.2463702,0.425206,0.6698869,0.5565547,
10.70284,0.1387935,0.09112453,0.1729202,-0.2461935,0.4248993,0.6701156,0.5565917,
10.7137,0.1387758,0.09111786,0.1729164,-0.2465166,0.424956,0.67018,0.5563279,
10.72501,0.138773,0.091115,0.1728687,-0.2463687,0.4249017,0.6701991,0.5564119,
10.73582,0.1387248,0.09108925,0.172863,-0.2467022,0.4248902,0.6703447,0.5560974,
10.74705,0.1387467,0.09115124,0.1728458,-0.2466616,0.4248789,0.6703289,0.5561432,
10.7582,0.1387863,0.09113884,0.1729298,-0.2469424,0.4249097,0.6703845,0.5559279,
10.76917,0.1387451,0.09123135,0.1728601,-0.2471106,0.424953,0.6703337,0.5558813,
10.78039,0.1387408,0.09118462,0.172967,-0.2472588,0.4255632,0.6701205,0.5556056,
10.79142,0.1386902,0.09111595,0.1730156,-0.2470104,0.4245204,0.6709805,0.555476,
10.80255,0.1385734,0.09105492,0.1732187,-0.24741,0.4249831,0.6715507,0.5542539,
10.81366,0.1382468,0.09099388,0.1735458,-0.2487174,0.4231283,0.6741718,0.5519008,
10.82471,0.1377759,0.09084606,0.1737518,-0.2482418,0.4224258,0.6758147,0.5506423,
10.83597,0.1374054,0.09079361,0.1737328,-0.2501588,0.4208702,0.6781366,0.5481054,
10.84694,0.1372628,0.09070206,0.1739521,-0.2502146,0.4213947,0.6784928,0.5472354,
10.85811,0.137136,0.09070206,0.1740942,-0.2501199,0.4204185,0.6796628,0.5465773,
10.86928,0.1369591,0.09080029,0.1741705,-0.2504633,0.4203225,0.6801464,0.5458919,
10.88051,0.1368675,0.09080029,0.174222,-0.2502537,0.4200951,0.6805126,0.5457067,
10.89137,0.1368115,0.09085464,0.1742878,-0.2502702,0.4202425,0.6805497,0.5455393,
10.90248,0.136795,0.09090805,0.174325,-0.2502049,0.4200832,0.6807527,0.5454387,
10.9136,0.1365542,0.09088707,0.1744528,-0.2498136,0.4203315,0.6808892,0.5452565,
10.92472,0.1363847,0.09093094,0.1745453,-0.2498094,0.4197223,0.6816209,0.5448132,
10.93574,0.1362057,0.09096241,0.1746035,-0.2502174,0.4195678,0.6821268,0.5441114,
10.94702,0.1361184,0.09097862,0.1747084,-0.2500517,0.4199425,0.6820192,0.5440334,
10.95803,0.136018,0.09100628,0.1748104,-0.2502401,0.4195834,0.68245,0.5436835,
10.96921,0.1358755,0.09102917,0.1749496,-0.2499223,0.4192901,0.6827809,0.5436404,
10.98036,0.1357388,0.09104919,0.1750135,-0.2497168,0.4189044,0.6832202,0.5434803,
10.99141,0.135612,0.0910511,0.1751537,-0.2497703,0.4188036,0.6835713,0.5430917,
11.00271,0.1355355,0.09108162,0.1752033,-0.2497636,0.4185396,0.684014,0.5427408,
11.01356,0.1353712,0.09113026,0.1753159,-0.2495826,0.4183995,0.6842688,0.542611,
11.02482,0.1352322,0.09115601,0.1753187,-0.2494515,0.4180063,0.6847417,0.5423776,
11.03582,0.1351047,0.09121704,0.1753016,-0.249602,0.4178726,0.6850139,0.5420676,
11.04689,0.1350861,0.09120941,0.1752253,-0.2494757,0.4180402,0.6849983,0.5420161,
11.05797,0.1349573,0.09119606,0.1752443,-0.2492798,0.4180231,0.6849125,0.542228,
11.06926,0.1349773,0.09116459,0.1751852,-0.2494952,0.4180811,0.6848634,0.5421461,
11.08044,0.1349707,0.09124851,0.1752586,-0.2494461,0.4181085,0.6849038,0.5420966,
11.09155,0.1349959,0.09122562,0.1752138,-0.2495745,0.4181032,0.6848832,0.5420676,
11.10262,0.1351547,0.09124756,0.1752367,-0.2494859,0.4180584,0.6846859,0.5423921,
11.1137,0.1352139,0.09123516,0.1752558,-0.2493039,0.4183153,0.684463,0.542559,
11.12471,0.1352005,0.09122849,0.1752348,-0.2493324,0.418081,0.6845939,0.5425614,
11.13583,0.1352465,0.09122849,0.1751804,-0.2495563,0.4182379,0.684488,0.5424712,
11.14691,0.1352501,0.09123707,0.1751757,-0.2494508,0.4180866,0.6846258,0.5424623,
11.15785,0.1352525,0.0911293,0.1752577,-0.2495117,0.4183186,0.6845576,0.5423416,
11.16905,0.1351614,0.09120274,0.1753283,-0.2495081,0.4181683,0.6846754,0.5423104,
11.18014,0.1352029,0.09118462,0.1752596,-0.249729,0.4182269,0.6846146,0.5422403,
11.19141,0.1352472,0.09117126,0.1751938,-0.2497001,0.4182419,0.6846121,0.5422452,
11.20233,0.135334,0.0912075,0.1751318,-0.2496417,0.4183642,0.6844243,0.5424148,
11.21354,0.1354671,0.09124374,0.1751184,-0.2497146,0.418442,0.6842204,0.5425784,
11.22462,0.1355731,0.09122467,0.1750765,-0.2496908,0.4184574,0.6839908,0.542867,
11.23575,0.1357992,0.09114075,0.174984,-0.2497709,0.418543,0.6835625,0.5433035,
11.2469,0.1360517,0.09109306,0.1749105,-0.2496977,0.4187461,0.6829464,0.5439549,
11.25786,0.1363196,0.09103966,0.1747046,-0.2500248,0.419079,0.6821581,0.5445372,
11.26902,0.1365533,0.09096909,0.1745691,-0.2503466,0.4196358,0.681338,0.5449872,
11.28013,0.1366262,0.09099483,0.1743908,-0.2515104,0.4201723,0.6810262,0.5444273,
11.29125,0.1365144,0.09098244,0.1745472,-0.2514215,0.4212331,0.680454,0.5443643,
11.3023,0.1363366,0.09098816,0.174572,-0.2512265,0.4192699,0.6819127,0.5441443,
11.31345,0.1364882,0.09096432,0.1743212,-0.2517795,0.420267,0.6814098,0.5437495,
11.32454,0.1364853,0.09091473,0.174283,-0.2514018,0.4201501,0.681344,0.544097,
11.33559,0.1365962,0.09090137,0.1742449,-0.2516277,0.42037,0.6811886,0.5440172,
11.34672,0.1366539,0.09099388,0.174324,-0.2516292,0.4205992,0.6809607,0.5441247,
11.35781,0.1366844,0.09093571,0.1743774,-0.2514307,0.4205479,0.6809294,0.5442952,
11.36902,0.1365972,0.09086037,0.1744709,-0.2513447,0.4206086,0.6809075,0.5443153,
11.38003,0.1366205,0.09082794,0.1744442,-0.2513051,0.4203814,0.6810852,0.5442868,
11.39118,0.1366072,0.09090805,0.1744518,-0.2513499,0.4203758,0.6810542,0.5443093,
11.40247,0.136663,0.09086609,0.1744032,-0.2512777,0.4203669,0.6809673,0.5444583,
11.41338,0.1366112,0.09089756,0.1743546,-0.2513383,0.4204001,0.6809611,0.5444126,
11.42453,0.1366394,0.09090042,0.174325,-0.2513335,0.4203426,0.6809382,0.5444876,
11.43558,0.1366272,0.09086227,0.1742601,-0.2513045,0.420491,0.6806776,0.5447122,
11.44663,0.1366711,0.09081841,0.1742239,-0.2512331,0.4205466,0.6804419,0.5449969,
11.4578,0.1367421,0.09081268,0.1741982,-0.2513084,0.4207685,0.6802693,0.545006,
11.46891,0.1364093,0.09124756,0.1738548,-0.2507617,0.4204943,0.6805996,0.5450572,
11.48007,0.1364269,0.09135723,0.1738005,-0.2509908,0.4206115,0.680584,0.5448808,
11.49112,0.1366127,0.09104538,0.1741667,-0.2510369,0.4205473,0.6805204,0.5449886,
11.50227,0.1366143,0.09107494,0.1741371,-0.2510334,0.420699,0.6803577,0.5450762,
11.51326,0.1367421,0.09095764,0.17418,-0.2511797,0.4208218,0.680196,0.5451158,
11.5247,0.1368666,0.09083366,0.174181,-0.2512868,0.4209915,0.679929,0.5452685,
11.53545,0.136986,0.09082127,0.1741228,-0.2512442,0.4212717,0.6795107,0.5455931,
11.54674,0.1369452,0.09065247,0.1741352,-0.2512244,0.421636,0.6789685,0.5459955,
11.55774,0.1370645,0.09065342,0.174099,-0.2514892,0.421974,0.6785347,0.5461519,
11.56893,0.1370935,0.09065437,0.1741657,-0.2511719,0.4222646,0.6783758,0.5462705,
11.58097,0.1370225,0.09060478,0.1741619,-0.2513381,0.4216783,0.6788116,0.5461057,
11.5915,0.1370993,0.09069538,0.174078,-0.2516664,0.4217149,0.6787954,0.5459464,
11.60244,0.1371138,0.09068394,0.1740618,-0.2515286,0.4218135,0.6786778,0.54608,
11.6135,0.1370835,0.09083748,0.1738815,-0.2517062,0.421844,0.6785955,0.5460766,
11.63639,0.1371577,0.09081459,0.1738157,-0.2517908,0.4221009,0.678269,0.5462449,
11.64215,0.1371577,0.09081459,0.1738157,-0.2517908,0.4221009,0.678269,0.5462449,
11.64659,0.1371975,0.09085846,0.1738005,-0.2518869,0.4220043,0.6782514,0.546297,
11.65371,0.1372535,0.09094238,0.1736822,-0.2519421,0.4222033,0.6780104,0.5464169,
11.66484,0.1372662,0.09092045,0.1737146,-0.2520038,0.4222861,0.6778572,0.5465146,
11.67601,0.1373136,0.09094429,0.1736479,-0.2520822,0.4225536,0.6775492,0.5466535,
11.6871,0.1372857,0.09088326,0.1735439,-0.2522565,0.4227209,0.6773233,0.5467238,
11.69824,0.1373401,0.09090137,0.1734476,-0.252466,0.4229477,0.6770042,0.546847,
11.7093,0.1373763,0.09090042,0.1732883,-0.2525372,0.423327,0.6766208,0.546995,
11.72062,0.1374612,0.09094429,0.1731749,-0.2526695,0.4237336,0.6761191,0.5472394,
11.73159,0.1375017,0.09102726,0.173089,-0.2527617,0.424186,0.6755593,0.5475376,
11.74271,0.1376166,0.09110165,0.1730137,-0.2528321,0.4245845,0.6750799,0.5477875,
11.75383,0.1376667,0.09114742,0.172966,-0.252925,0.424964,0.6746956,0.5479238,
11.76489,0.137661,0.09111691,0.1728973,-0.2530499,0.4251295,0.6745343,0.5479363,
11.78409,0.1375492,0.09111404,0.1729612,-0.252967,0.4249088,0.6747445,0.547887,
